person_id,day,age,intervention,daily_stress,daily_recovery,daily_engagement,stress_i1,stress_i2,recovery_i1,recovery_i2,engagement_i1,engagement_i2,scenario,purchase,aigc_clicks,exposure_minutes
D001,1,44,0,3.075,2.571,3.046,3.146,3.558,2.988,2.466,3.012,2.857,S3,0,4,26
D001,2,44,0,3.465,1.023,2.686,2.996,3.216,1.0,1.346,2.685,3.077,S4,0,7,22
D001,3,44,0,3.716,1.63,3.054,4.101,3.533,1.28,1.282,3.34,2.658,S1,0,6,46
D001,4,44,0,3.23,2.348,3.71,2.966,3.006,2.4,2.264,3.596,3.945,S2,0,8,50
D001,5,44,0,3.192,1.81,3.112,3.032,3.281,1.797,1.742,3.419,3.692,S3,1,7,38
D001,6,44,0,2.503,3.425,2.926,2.697,2.421,3.656,3.268,2.625,2.829,S4,1,8,46
D001,7,44,0,3.62,2.212,2.655,3.628,3.829,2.914,2.464,2.674,3.027,S1,0,3,48
D001,8,44,0,3.31,2.872,2.68,3.174,3.12,3.111,3.402,2.723,2.694,S2,0,7,37
D001,9,44,0,3.148,1.73,2.667,3.059,3.453,1.806,2.015,3.295,2.589,S3,1,4,24
D001,10,44,0,3.821,1.92,2.937,4.122,3.458,1.639,2.099,3.4,3.408,S4,1,7,58
D002,1,50,1,2.547,4.396,3.425,3.209,2.993,4.33,4.954,3.41,3.834,S4,1,6,60
D002,2,50,1,1.531,4.461,4.003,1.825,1.559,4.185,4.33,4.234,3.742,S1,1,7,42
D002,3,50,1,2.337,4.458,3.702,2.42,2.248,4.221,4.906,3.916,4.059,S2,1,7,36
D002,4,50,1,2.055,4.221,2.861,2.434,1.859,4.352,4.687,2.83,2.447,S3,0,7,48
D002,5,50,1,1.76,4.237,3.89,1.676,1.737,3.919,4.611,4.395,4.042,S4,0,3,37
D002,6,50,1,1.625,4.306,3.261,1.255,1.914,4.424,4.279,3.394,3.341,S1,1,5,56
D002,7,50,1,2.2,4.247,3.577,2.149,2.186,3.772,4.33,3.04,3.202,S2,1,7,48
D002,8,50,1,2.62,3.562,2.855,2.386,2.878,3.435,3.693,2.903,2.866,S3,0,4,59
D002,9,50,1,2.728,3.662,2.605,2.836,2.475,3.792,3.444,2.761,2.363,S4,1,6,21
D002,10,50,1,3.694,3.208,2.386,3.536,3.829,3.667,3.035,2.923,2.471,S1,1,6,31
D003,1,37,0,2.155,2.94,2.57,2.015,2.395,3.028,2.179,2.701,2.571,S1,0,6,22
D003,2,37,0,1.945,3.113,3.279,1.976,1.705,2.652,2.996,3.673,3.269,S2,0,5,26
D003,3,37,0,2.763,2.759,3.034,2.699,3.311,2.822,3.232,3.182,3.192,S3,0,5,26
D003,4,37,0,2.38,3.841,2.656,2.246,2.666,3.619,3.761,2.451,2.499,S4,0,6,47
D003,5,37,0,1.817,4.43,3.245,2.53,1.528,4.918,4.858,3.302,3.239,S1,1,4,59
D003,6,37,0,2.154,3.365,2.997,2.827,2.449,3.606,3.352,3.388,2.976,S2,1,6,53
D003,7,37,0,1.355,3.385,2.922,1.458,1.244,3.292,3.371,3.064,3.011,S3,0,7,57
D003,8,37,0,2.372,4.117,2.889,2.484,2.078,4.341,4.502,2.865,2.588,S4,1,6,50
D003,9,37,0,2.154,3.387,2.868,1.989,2.145,3.436,3.37,2.968,2.887,S1,1,6,48
D003,10,37,0,2.301,3.485,2.956,2.145,2.047,3.277,3.389,2.746,2.534,S2,1,6,54
D004,1,22,1,3.117,3.632,2.72,3.099,3.054,3.693,3.542,2.295,3.023,S2,1,7,57
D004,2,22,1,3.54,3.621,2.483,3.423,3.344,3.644,4.03,3.087,2.029,S3,1,5,59
D004,3,22,1,3.431,3.129,2.435,3.337,3.127,2.529,3.138,2.792,2.136,S4,0,6,27
D004,4,22,1,2.926,3.779,3.465,2.422,2.693,3.729,3.551,3.214,3.825,S1,0,8,34
D004,5,22,1,3.436,3.133,2.117,3.097,3.471,3.312,3.008,1.862,2.117,S2,1,7,27
D004,6,22,1,3.762,4.854,3.352,3.519,3.522,4.954,4.488,3.895,3.622,S3,0,7,57
D004,7,22,1,2.17,3.96,3.856,1.791,2.306,3.727,4.091,3.806,3.865,S4,1,6,53
D004,8,22,1,2.426,4.154,3.472,2.333,2.188,4.691,3.975,3.753,3.256,S1,1,5,38
D004,9,22,1,2.63,5.0,2.53,2.763,2.766,5.0,5.0,2.919,1.627,S2,1,7,39
D004,10,22,1,2.703,4.791,2.959,2.312,2.867,4.827,4.683,2.6,2.85,S3,0,6,32
D005,1,24,0,4.202,2.602,2.909,4.562,4.152,2.824,2.528,2.884,2.552,S3,0,5,58
D005,2,24,0,3.654,2.125,2.259,4.082,3.654,1.974,2.245,2.201,2.134,S4,0,6,24
D005,3,24,0,3.227,2.484,2.86,3.057,3.594,1.772,2.384,3.01,2.533,S1,1,7,33
D005,4,24,0,3.398,3.011,3.137,3.622,3.176,2.947,3.391,2.165,3.16,S2,1,6,35
D005,5,24,0,3.916,2.276,2.565,4.073,4.282,2.435,2.198,2.214,2.723,S3,0,5,24
D005,6,24,0,2.845,2.827,2.591,3.381,2.881,3.176,3.174,2.779,3.123,S4,0,3,34
D005,7,24,0,3.117,3.134,3.526,2.562,3.264,3.148,3.047,3.612,3.026,S1,1,6,25
D005,8,24,0,4.361,2.24,2.159,3.996,4.705,2.389,2.258,2.494,1.767,S2,0,5,30
D005,9,24,0,3.844,2.672,3.032,3.842,3.675,3.505,2.667,3.022,3.446,S3,1,7,24
D005,10,24,0,4.798,1.812,2.329,4.495,4.142,2.018,1.715,2.134,2.208,S4,0,3,21
D006,1,24,1,4.079,3.288,4.684,3.455,4.33,3.232,3.305,4.639,5.0,S4,0,5,52
D006,2,24,1,3.61,2.617,3.313,3.609,3.346,2.402,2.471,3.148,3.031,S1,1,6,21
D006,3,24,1,3.789,2.631,4.134,3.848,3.487,2.32,2.505,3.988,4.404,S2,0,5,56
D006,4,24,1,4.318,2.125,4.037,4.642,4.199,2.335,2.14,4.455,4.366,S3,0,4,54
D006,5,24,1,4.492,2.119,2.934,4.376,4.492,2.079,2.254,2.951,3.406,S4,0,6,48
D006,6,24,1,5.0,2.026,2.595,4.57,5.0,1.873,1.694,2.284,2.696,S1,0,5,20
D006,7,24,1,4.136,2.639,4.219,3.853,3.641,2.792,3.198,4.344,4.323,S2,0,8,41
D006,8,24,1,3.156,2.589,4.248,2.769,3.225,2.991,2.716,4.72,4.303,S3,1,6,55
D006,9,24,1,3.313,2.463,3.706,3.081,3.231,2.369,2.171,3.78,3.794,S4,0,8,44
D006,10,24,1,4.484,1.937,2.838,4.608,5.0,1.982,1.683,2.679,2.977,S1,1,5,23
D007,1,50,0,1.39,3.601,3.174,1.111,1.313,3.631,3.96,2.945,3.498,S1,0,6,43
D007,2,50,0,2.532,3.262,2.018,2.477,2.269,3.386,3.263,1.806,2.248,S2,1,6,58
D007,3,50,0,3.194,3.603,3.342,3.522,3.09,3.79,3.915,3.043,2.945,S3,1,8,54
D007,4,50,0,2.91,3.018,2.926,2.898,2.8,3.244,3.548,2.974,2.731,S4,0,7,28
D007,5,50,0,2.054,4.28,3.623,2.003,1.869,4.659,4.372,3.73,3.649,S1,0,8,33
D007,6,50,0,1.726,4.281,3.587,1.678,1.572,4.263,4.278,3.577,3.547,S2,1,5,30
D007,7,50,0,2.359,3.568,2.461,2.51,1.725,3.659,3.672,3.047,1.907,S3,0,4,50
D007,8,50,0,2.935,3.662,3.108,2.514,3.016,3.323,3.518,3.482,3.355,S4,0,5,51
D007,9,50,0,2.927,3.073,2.004,2.703,2.709,3.391,2.957,1.985,1.822,S1,1,4,30
D007,10,50,0,2.747,3.589,2.335,3.035,2.484,3.707,3.353,2.224,2.412,S2,0,4,46
D008,1,58,1,2.222,4.141,3.259,2.226,2.206,4.014,4.347,3.285,3.83,S2,1,5,38
D008,2,58,1,2.569,3.923,3.682,2.685,2.446,3.99,3.52,3.194,2.979,S3,1,4,52
D008,3,58,1,2.857,3.886,3.314,2.607,2.893,4.058,4.315,3.653,3.339,S4,1,7,34
D008,4,58,1,3.191,3.469,3.098,3.026,3.658,3.062,3.982,3.255,3.13,S1,1,4,52
D008,5,58,1,3.563,2.874,2.464,3.335,3.839,3.45,2.892,2.432,2.504,S2,1,7,37
D008,6,58,1,2.76,3.957,3.828,2.797,2.85,3.676,3.458,3.994,3.726,S3,1,6,34
D008,7,58,1,1.633,3.928,3.03,1.689,1.598,4.012,3.522,3.031,2.649,S4,0,7,37
D008,8,58,1,2.421,3.651,3.395,2.566,2.392,3.365,3.6,3.32,3.397,S1,1,7,34
D008,9,58,1,1.491,3.507,2.752,1.633,1.078,3.622,3.328,2.694,2.571,S2,1,7,54
D008,10,58,1,2.351,3.03,2.998,2.692,2.882,3.164,3.212,3.001,2.819,S3,0,6,21
D009,1,50,0,3.316,2.869,3.65,3.444,3.406,3.076,2.868,3.295,3.719,S3,0,6,39
D009,2,50,0,4.153,1.798,1.776,3.977,4.029,1.801,1.817,1.527,1.493,S4,1,2,34
D009,3,50,0,3.151,2.218,3.216,3.375,2.902,2.028,1.779,2.792,3.623,S1,0,6,32
D009,4,50,0,3.471,2.168,2.983,3.516,3.203,1.993,2.002,2.701,3.2,S2,0,4,32
D009,5,50,0,2.938,2.83,2.554,3.057,3.255,2.856,3.043,2.138,2.601,S3,0,5,30
D009,6,50,0,3.077,2.187,2.741,2.853,3.551,2.432,2.166,2.387,2.809,S4,1,6,34
D009,7,50,0,3.977,1.591,1.694,4.243,3.912,1.857,1.68,1.762,1.354,S1,1,2,30
D009,8,50,0,3.481,2.184,3.361,3.66,3.344,2.812,2.31,3.623,3.718,S2,1,7,37
D009,9,50,0,2.826,2.027,3.227,2.824,3.341,2.213,1.948,3.402,3.443,S3,0,6,30
D009,10,50,0,3.85,2.134,2.679,3.675,4.115,2.13,1.624,2.414,3.259,S4,1,6,41
D010,1,43,1,3.553,2.457,3.26,3.149,3.694,1.894,2.101,3.435,2.491,S4,0,8,56
D010,2,43,1,3.001,3.482,3.748,2.814,3.373,4.022,3.732,3.85,3.376,S1,0,7,28
D010,3,43,1,2.746,2.669,3.065,2.745,2.902,2.387,3.255,3.314,2.924,S2,0,5,42
D010,4,43,1,3.386,3.167,2.477,3.533,3.315,3.056,3.417,2.218,2.811,S3,1,5,57
D010,5,43,1,2.845,2.755,3.062,2.998,2.636,3.045,2.552,3.2,2.839,S4,1,4,28
D010,6,43,1,2.326,3.441,2.672,2.227,2.407,3.148,3.835,2.787,2.576,S1,0,6,45
D010,7,43,1,2.115,2.903,2.888,1.857,2.147,3.087,2.585,2.673,3.151,S2,0,5,33
D010,8,43,1,2.227,3.262,3.549,1.421,2.147,3.748,3.458,3.535,3.473,S3,1,6,49
D010,9,43,1,2.552,3.793,2.475,2.298,2.681,3.903,3.962,2.267,2.403,S4,1,6,57
D010,10,43,1,1.575,3.369,3.392,1.949,1.848,3.424,3.574,3.048,3.684,S1,1,4,56
D011,1,38,0,3.73,3.137,3.263,3.391,4.21,3.414,3.245,3.282,3.442,S1,1,7,27
D011,2,38,0,3.15,2.79,3.782,2.732,2.583,3.272,2.472,4.09,3.695,S2,1,7,29
D011,3,38,0,4.837,2.389,3.245,5.0,5.0,2.288,2.665,3.22,3.255,S3,0,5,53
D011,4,38,0,4.209,2.529,4.347,4.003,4.318,2.833,2.843,4.549,4.411,S4,0,8,51
D011,5,38,0,4.577,2.069,3.049,4.53,4.543,1.939,1.657,3.02,2.878,S1,0,5,53
D011,6,38,0,4.603,1.367,2.682,4.433,4.537,1.261,1.338,2.816,2.611,S2,0,5,21
D011,7,38,0,4.298,2.266,2.772,4.196,4.235,2.149,2.023,2.707,3.037,S3,0,6,24
D011,8,38,0,4.082,2.43,2.583,4.222,4.028,2.207,1.985,1.817,2.602,S4,0,6,56
D011,9,38,0,4.084,2.326,2.718,3.996,4.122,2.1,2.457,2.974,2.481,S1,1,5,56
D011,10,38,0,4.015,2.666,2.953,4.302,4.363,3.332,2.448,2.646,2.192,S2,1,6,58
D012,1,29,1,2.23,3.748,3.551,2.467,2.101,3.934,4.651,3.724,3.961,S2,1,4,51
D012,2,29,1,2.038,3.985,3.435,2.129,1.786,4.208,4.55,3.456,3.239,S3,1,8,51
D012,3,29,1,1.85,3.343,3.116,2.096,1.713,3.071,3.342,2.312,2.833,S4,1,7,51
D012,4,29,1,3.064,2.818,3.085,2.688,3.04,2.532,2.518,3.494,2.835,S1,0,4,28
D012,5,29,1,1.965,2.977,2.941,1.666,2.201,2.927,2.754,3.435,3.307,S2,0,3,45
D012,6,29,1,1.608,2.831,2.879,2.069,1.608,2.945,2.668,2.73,2.556,S3,1,4,43
D012,7,29,1,1.877,3.91,3.8,2.311,1.533,3.791,3.263,3.658,4.147,S4,1,4,36
D012,8,29,1,2.317,4.25,3.625,2.421,1.454,4.338,4.351,3.585,3.478,S1,0,5,25
D012,9,29,1,2.392,3.878,3.517,2.438,2.554,4.15,3.637,3.273,3.622,S2,1,4,20
D012,10,29,1,2.693,3.717,4.076,2.808,2.688,3.781,3.609,3.836,3.847,S3,0,6,55
D013,1,39,0,2.85,3.711,3.633,2.683,3.131,3.573,3.733,3.79,3.502,S3,1,6,51
D013,2,39,0,3.328,3.933,2.578,3.668,3.086,4.02,3.329,2.58,2.271,S4,1,4,44
D013,3,39,0,1.0,3.978,3.769,1.0,1.0,4.35,3.985,4.076,3.852,S1,1,5,58
D013,4,39,0,2.806,3.619,3.538,2.737,2.19,3.417,3.641,3.376,3.503,S2,0,7,30
D013,5,39,0,3.836,3.024,3.015,3.137,3.742,3.292,2.9,3.366,3.187,S3,0,4,40
D013,6,39,0,2.219,3.588,3.334,1.521,2.317,3.679,3.632,3.909,3.445,S4,1,6,58
D013,7,39,0,2.257,4.006,4.616,2.519,2.235,4.078,4.349,4.628,4.655,S1,1,4,53
D013,8,39,0,2.89,4.371,3.403,2.299,3.22,4.496,4.429,3.394,3.692,S2,1,5,49
D013,9,39,0,3.28,4.217,3.141,3.313,3.613,4.361,3.691,2.998,3.069,S3,1,7,54
D013,10,39,0,2.727,3.461,3.92,2.397,3.523,3.599,3.228,3.693,3.853,S4,1,8,49
D014,1,52,1,3.488,2.773,2.959,3.699,3.238,2.375,2.88,3.12,3.028,S4,0,6,30
D014,2,52,1,2.873,2.81,2.615,2.497,2.375,2.929,2.278,2.591,2.299,S1,0,6,32
D014,3,52,1,2.952,3.37,2.655,2.855,2.846,3.236,3.232,2.786,2.468,S2,1,5,31
D014,4,52,1,2.039,2.423,2.473,1.919,2.473,2.371,2.718,2.846,2.527,S3,0,5,45
D014,5,52,1,1.568,4.343,3.502,1.084,1.776,4.079,4.175,2.866,3.658,S4,1,6,24
D014,6,52,1,2.496,3.627,3.331,2.534,2.26,3.939,3.14,3.402,3.716,S1,1,7,54
D014,7,52,1,2.368,2.807,3.105,2.516,2.5,2.403,2.696,3.385,2.922,S2,1,4,20
D014,8,52,1,2.619,3.293,3.224,2.583,2.633,3.608,3.351,3.403,2.989,S3,0,4,31
D014,9,52,1,3.286,3.066,3.107,3.005,2.568,2.634,3.061,3.486,2.83,S4,1,5,26
D014,10,52,1,3.069,2.682,3.104,3.373,2.342,2.487,2.445,3.209,2.969,S1,1,4,54
D015,1,45,0,2.597,3.208,3.719,2.503,2.742,3.118,2.873,3.818,3.796,S1,0,6,50
D015,2,45,0,2.047,2.818,2.326,1.836,2.105,2.733,2.792,2.124,2.927,S2,0,3,39
D015,3,45,0,3.095,2.94,2.941,2.971,3.414,2.423,2.733,2.909,2.78,S3,0,4,40
D015,4,45,0,2.712,2.804,2.14,2.25,3.245,3.13,2.853,2.172,2.273,S4,1,6,24
D015,5,45,0,3.764,2.682,3.068,4.171,3.63,3.247,2.977,3.359,3.292,S1,0,8,54
D015,6,45,0,3.341,2.913,3.435,2.712,3.093,2.772,2.901,2.875,3.401,S2,1,5,46
D015,7,45,0,2.425,2.135,2.805,2.684,2.674,1.872,2.153,2.579,3.083,S3,1,8,40
D015,8,45,0,2.095,3.544,3.878,1.631,1.518,3.342,3.925,3.929,4.512,S4,0,5,42
D015,9,45,0,3.215,2.401,3.411,3.042,2.75,2.512,2.115,3.102,3.204,S1,1,3,57
D015,10,45,0,2.441,3.063,2.832,2.509,2.767,3.41,3.025,3.18,2.953,S2,0,6,54
D016,1,42,1,3.133,3.451,3.803,3.772,3.194,3.48,3.317,3.239,3.878,S2,1,5,42
D016,2,42,1,3.636,2.068,2.31,3.538,3.736,1.67,1.988,2.65,2.238,S3,0,5,44
D016,3,42,1,3.476,1.679,3.153,3.643,3.018,1.373,1.615,2.966,3.278,S4,1,4,54
D016,4,42,1,3.844,2.542,3.297,3.576,3.858,2.327,2.559,2.89,3.741,S1,1,7,32
D016,5,42,1,3.556,2.857,2.842,3.339,3.787,2.338,2.899,2.928,2.682,S2,1,4,47
D016,6,42,1,2.998,2.577,4.122,2.646,2.908,2.534,3.063,4.16,3.776,S3,1,8,39
D016,7,42,1,3.438,2.235,3.399,3.144,3.178,2.521,1.887,4.049,3.663,S4,1,5,37
D016,8,42,1,3.687,2.393,2.837,3.293,4.021,2.846,2.783,2.712,2.79,S1,0,7,40
D016,9,42,1,3.859,2.173,2.731,3.76,3.884,1.846,1.786,2.613,2.844,S2,0,6,49
D016,10,42,1,3.359,3.181,3.074,3.62,2.761,3.515,2.716,3.149,3.125,S3,1,5,29
D017,1,47,0,3.263,2.386,2.729,3.46,2.817,2.288,2.078,2.676,2.866,S3,1,6,47
D017,2,47,0,3.032,2.793,2.751,3.624,2.933,2.541,2.808,2.623,3.382,S4,1,5,47
D017,3,47,0,2.756,3.265,3.081,3.682,2.999,2.898,3.318,3.167,2.61,S1,1,3,45
D017,4,47,0,3.351,2.823,3.327,3.41,3.42,3.265,3.361,3.428,3.648,S2,1,7,47
D017,5,47,0,3.551,2.453,2.183,3.759,3.865,2.384,2.44,2.341,2.015,S3,1,5,41
D017,6,47,0,3.284,2.307,2.436,3.346,3.039,2.386,2.146,2.527,2.496,S4,1,5,55
D017,7,47,0,2.295,3.018,3.027,2.559,2.507,2.766,3.424,2.894,3.12,S1,1,5,52
D017,8,47,0,2.544,2.691,2.979,2.592,2.737,2.429,2.833,2.812,2.869,S2,0,7,25
D017,9,47,0,3.121,3.086,2.976,3.117,3.076,3.453,3.036,3.022,3.2,S3,0,7,26
D017,10,47,0,2.925,3.068,3.228,3.055,2.453,2.761,3.311,3.105,2.813,S4,1,6,41
D018,1,51,1,3.443,2.686,2.357,3.369,3.474,3.05,2.846,2.011,2.067,S4,0,5,35
D018,2,51,1,2.843,3.881,3.699,3.027,2.538,4.093,4.185,3.916,3.711,S1,0,6,21
D018,3,51,1,3.204,2.599,3.223,3.4,2.698,3.127,2.873,2.907,2.112,S2,1,4,38
D018,4,51,1,2.121,3.113,4.168,1.663,2.084,3.514,2.786,4.17,4.378,S3,0,6,31
D018,5,51,1,1.525,3.174,3.373,1.415,1.192,2.591,3.262,3.483,3.422,S4,0,5,47
D018,6,51,1,1.931,3.223,3.67,2.254,2.082,3.371,3.135,3.219,3.87,S1,0,6,35
D018,7,51,1,2.986,2.851,4.196,2.691,2.306,2.772,2.659,4.277,4.164,S2,1,6,58
D018,8,51,1,2.633,2.419,2.663,3.249,2.655,2.407,2.68,2.797,2.644,S3,1,7,59
D018,9,51,1,2.674,1.714,3.277,2.633,2.274,1.811,1.553,2.985,3.2,S4,0,5,28
D018,10,51,1,2.151,2.177,3.009,2.528,2.454,2.344,2.736,3.661,3.326,S1,0,5,28
D019,1,20,0,3.298,2.626,2.798,3.455,3.557,2.797,2.767,2.828,2.515,S1,1,6,38
D019,2,20,0,3.329,2.442,2.627,3.069,3.418,1.928,2.17,2.581,2.631,S2,1,7,21
D019,3,20,0,2.96,3.49,3.1,3.341,3.003,3.822,3.003,2.621,3.18,S3,1,6,53
D019,4,20,0,3.125,3.013,3.318,3.098,3.588,3.3,3.166,3.307,3.514,S4,1,5,32
D019,5,20,0,3.88,2.761,3.032,3.463,3.972,2.876,2.261,3.108,3.205,S1,0,3,36
D019,6,20,0,4.214,3.02,2.536,4.793,4.612,3.441,2.621,2.086,2.536,S2,0,5,36
D019,7,20,0,3.431,2.75,2.453,3.4,3.458,2.712,2.691,2.63,2.432,S3,0,6,33
D019,8,20,0,3.233,3.362,3.284,2.568,3.277,3.343,3.2,3.132,2.722,S4,0,6,40
D019,9,20,0,2.376,3.667,3.619,1.901,2.027,4.175,3.579,3.878,3.654,S1,1,6,57
D019,10,20,0,2.642,2.982,2.488,2.494,2.479,3.082,3.006,2.691,2.535,S2,1,6,36
D020,1,54,1,2.261,3.427,3.05,2.185,2.517,3.702,3.286,2.89,2.823,S2,1,5,42
D020,2,54,1,1.789,4.562,3.271,2.343,1.815,4.817,4.403,3.607,3.6,S3,1,4,32
D020,3,54,1,2.396,4.11,3.338,2.827,1.992,3.878,4.062,3.315,3.164,S4,0,6,33
D020,4,54,1,2.956,4.451,3.249,2.694,2.629,4.592,4.472,3.155,3.097,S1,0,7,27
D020,5,54,1,2.098,3.481,3.681,2.25,1.788,3.106,3.431,3.748,3.846,S2,0,5,47
D020,6,54,1,3.347,2.821,2.778,3.245,3.755,2.62,2.986,2.996,3.029,S3,1,6,40
D020,7,54,1,2.737,4.684,4.109,2.84,2.464,4.576,4.322,4.378,3.476,S4,1,5,42
D020,8,54,1,2.171,4.527,3.424,2.167,2.482,4.79,4.406,3.287,3.564,S1,0,7,46
D020,9,54,1,1.26,4.675,3.366,1.0,1.47,4.34,4.444,3.604,2.925,S2,1,5,40
D020,10,54,1,1.354,4.131,3.428,1.469,1.175,3.947,3.915,3.698,3.403,S3,0,7,57
D021,1,47,0,1.0,2.945,3.122,1.321,1.0,3.022,2.799,2.866,3.29,S3,0,8,35
D021,2,47,0,1.05,3.663,3.205,1.076,1.0,4.04,3.54,2.74,3.357,S4,1,7,38
D021,3,47,0,2.143,3.022,3.204,1.93,1.946,3.01,2.379,2.679,3.396,S1,1,7,51
D021,4,47,0,2.315,2.884,2.19,2.512,2.329,2.619,3.055,2.45,2.281,S2,0,4,24
D021,5,47,0,2.107,2.833,2.328,2.403,2.156,2.483,2.945,2.285,2.16,S3,0,6,51
D021,6,47,0,1.895,3.06,3.096,2.194,2.077,3.302,3.129,3.115,3.152,S4,0,5,38
D021,7,47,0,1.398,3.158,3.502,1.366,1.223,3.198,2.901,3.559,3.692,S1,1,8,54
D021,8,47,0,2.059,3.435,2.918,2.247,2.477,3.727,3.408,2.402,3.139,S2,1,7,51
D021,9,47,0,1.01,3.552,3.363,1.667,1.0,3.678,3.148,3.473,3.205,S3,0,4,41
D021,10,47,0,1.172,3.22,2.573,1.236,1.204,3.09,3.122,2.72,2.285,S4,1,5,60
D022,1,43,1,3.298,3.256,3.471,2.913,2.616,2.935,3.555,3.725,3.567,S4,0,6,49
D022,2,43,1,3.538,2.109,2.649,3.57,3.543,2.198,1.643,3.015,2.489,S1,0,3,55
D022,3,43,1,3.853,3.515,2.645,4.24,4.355,4.023,3.311,2.443,2.402,S2,1,5,30
D022,4,43,1,4.136,2.495,2.802,4.33,4.646,2.139,2.286,2.971,3.124,S3,1,5,38
D022,5,43,1,3.32,3.511,3.41,3.61,3.447,3.889,3.532,3.581,3.822,S4,0,6,56
D022,6,43,1,3.346,3.598,3.993,3.268,3.506,3.961,3.815,3.762,4.101,S1,1,5,21
D022,7,43,1,3.184,3.223,4.017,3.376,2.803,3.003,3.043,4.252,4.015,S2,1,6,49
D022,8,43,1,4.181,2.627,1.852,3.835,3.877,2.802,2.509,2.004,1.653,S3,0,6,34
D022,9,43,1,3.75,2.598,3.119,3.325,3.18,2.581,3.081,3.191,2.662,S4,0,5,24
D022,10,43,1,3.348,3.003,3.447,3.713,3.185,2.452,2.89,3.397,3.853,S1,1,5,38
D023,1,42,0,3.2,2.076,2.882,3.188,3.052,2.376,1.78,3.374,3.209,S1,0,6,26
D023,2,42,0,3.106,2.278,2.68,2.908,2.905,2.143,2.108,2.09,2.727,S2,0,7,31
D023,3,42,0,3.371,2.211,2.826,3.152,3.524,2.412,2.587,2.846,3.254,S3,0,7,47
D023,4,42,0,3.366,1.704,1.707,3.405,3.512,1.948,1.948,1.263,1.417,S4,0,3,22
D023,5,42,0,4.137,1.573,2.45,4.151,3.792,1.493,1.755,2.675,2.231,S1,0,7,25
D023,6,42,0,3.619,2.537,3.055,3.269,2.989,2.607,2.979,3.233,3.468,S2,1,4,24
D023,7,42,0,3.457,1.626,2.428,3.182,3.294,1.696,1.562,2.181,2.547,S3,1,6,59
D023,8,42,0,3.526,1.995,3.186,3.319,3.791,2.251,1.885,3.36,3.196,S4,0,5,41
D023,9,42,0,2.341,3.344,2.965,2.44,2.193,3.282,2.941,2.574,3.445,S1,0,6,54
D023,10,42,0,2.665,2.707,3.496,1.969,2.449,3.312,3.016,3.222,4.072,S2,0,7,59
D024,1,32,1,2.955,3.748,2.613,3.15,2.907,3.662,3.753,3.12,2.838,S2,1,6,21
D024,2,32,1,2.284,4.42,4.312,1.916,1.966,4.554,3.529,3.858,4.396,S3,0,5,59
D024,3,32,1,3.424,4.161,3.495,3.602,3.304,4.351,4.057,3.724,3.832,S4,1,5,49
D024,4,32,1,3.619,3.547,3.76,3.312,3.521,3.352,3.495,4.351,3.42,S1,0,5,24
D024,5,32,1,3.122,3.904,2.767,3.551,2.892,3.874,4.149,2.744,2.787,S2,1,5,42
D024,6,32,1,2.819,3.751,3.002,2.632,2.635,3.674,3.396,3.038,2.552,S3,1,4,47
D024,7,32,1,3.161,4.153,3.415,2.717,3.53,4.307,4.372,3.819,3.643,S4,0,6,39
D024,8,32,1,3.812,3.495,2.058,3.895,3.0,3.078,3.613,2.421,2.077,S1,1,6,54
D024,9,32,1,2.863,3.743,2.819,3.111,2.662,4.009,3.812,3.128,3.055,S2,0,8,60
D024,10,32,1,4.096,2.896,2.233,4.157,3.511,2.94,3.036,2.313,2.414,S3,0,7,34
D025,1,27,0,2.42,3.209,2.953,1.886,2.406,3.147,3.557,3.141,2.887,S3,1,2,60
D025,2,27,0,1.0,4.653,3.148,1.0,1.31,4.765,4.81,3.381,2.708,S4,1,5,55
D025,3,27,0,1.253,4.258,3.546,1.166,1.0,3.808,4.074,3.235,3.985,S1,0,6,23
D025,4,27,0,1.032,4.758,3.978,1.061,1.248,4.467,4.848,3.896,3.862,S2,1,6,56
D025,5,27,0,1.253,4.17,3.471,1.409,1.15,4.405,4.521,3.636,3.669,S3,1,3,32
D025,6,27,0,1.838,3.152,2.962,1.534,1.989,2.586,2.207,2.885,3.593,S4,0,7,53
D025,7,27,0,1.152,3.826,3.286,1.4,1.495,4.33,3.393,3.536,3.831,S1,1,7,52
D025,8,27,0,1.899,3.182,2.187,1.563,2.148,3.441,3.125,1.905,2.255,S2,1,5,33
D025,9,27,0,2.238,3.84,3.624,1.883,1.786,3.903,3.868,3.678,3.227,S3,0,6,30
D025,10,27,0,1.665,3.362,2.713,1.456,1.589,3.441,2.913,3.07,2.57,S4,0,5,26
D026,1,35,1,2.974,4.742,4.217,3.468,3.214,4.771,4.434,4.134,4.98,S4,0,8,51
D026,2,35,1,3.386,3.398,2.659,3.17,3.033,3.229,3.075,3.164,3.1,S1,1,7,27
D026,3,35,1,3.128,3.8,3.64,3.471,2.959,3.875,3.675,3.611,3.861,S2,0,6,47
D026,4,35,1,3.342,4.446,3.056,2.926,4.028,4.246,4.327,3.671,3.121,S3,0,5,54
D026,5,35,1,3.219,3.683,2.956,2.995,2.82,3.726,3.392,3.066,3.074,S4,0,6,27
D026,6,35,1,3.029,3.873,3.156,3.408,2.317,3.699,3.679,3.229,3.275,S1,0,6,27
D026,7,35,1,3.15,3.252,2.469,3.022,3.489,3.075,3.109,2.915,2.496,S2,0,5,29
D026,8,35,1,2.335,3.43,3.062,2.2,2.263,3.134,3.164,3.182,3.046,S3,1,5,24
D026,9,35,1,2.799,4.025,4.36,3.039,2.466,3.456,4.015,4.028,4.038,S4,1,7,30
D026,10,35,1,3.996,3.419,2.797,3.471,4.117,3.243,3.091,2.711,2.919,S1,0,3,28
D027,1,58,0,3.235,3.459,1.721,2.82,3.899,3.606,2.881,1.909,2.261,S1,1,5,29
D027,2,58,0,2.477,3.077,2.258,2.187,2.927,3.293,2.997,1.882,2.563,S2,0,5,25
D027,3,58,0,2.82,3.207,2.731,2.889,2.838,3.455,3.368,2.982,2.55,S3,1,6,43
D027,4,58,0,2.74,3.12,2.877,2.939,2.856,3.597,2.926,2.674,2.744,S4,1,7,59
D027,5,58,0,2.658,3.075,3.042,3.289,2.452,2.927,2.698,2.951,3.176,S1,0,4,60
D027,6,58,0,2.103,4.04,4.099,2.324,1.852,3.985,4.314,3.644,4.256,S2,1,5,38
D027,7,58,0,2.548,3.644,3.273,2.791,3.212,4.036,3.594,3.338,3.148,S3,1,5,25
D027,8,58,0,3.151,3.709,2.997,2.963,3.233,4.25,3.843,2.96,2.831,S4,0,5,40
D027,9,58,0,2.7,4.36,2.807,2.809,2.816,4.722,4.673,2.903,2.755,S1,0,8,31
D027,10,58,0,2.817,2.783,2.979,3.179,3.184,2.761,2.957,2.713,2.939,S2,0,5,52
D028,1,48,1,4.646,2.48,3.984,4.358,4.443,2.044,2.418,3.288,4.427,S2,0,5,55
D028,2,48,1,3.912,2.385,3.216,3.351,3.656,1.784,2.586,3.466,3.057,S3,0,6,24
D028,3,48,1,3.33,2.945,3.106,3.601,3.426,2.81,2.999,2.996,3.224,S4,1,6,29
D028,4,48,1,3.29,2.295,3.469,3.216,3.311,1.989,2.178,3.23,3.538,S1,0,6,49
D028,5,48,1,3.812,2.412,3.392,4.506,4.394,3.005,2.259,3.456,3.559,S2,1,6,41
D028,6,48,1,3.27,2.211,3.579,3.044,3.18,2.004,2.193,4.062,3.307,S3,0,6,60
D028,7,48,1,4.023,1.946,2.634,4.193,4.073,1.948,1.911,2.701,2.847,S4,0,4,39
D028,8,48,1,4.241,2.364,2.77,4.534,4.153,1.661,2.447,2.921,2.922,S1,0,5,40
D028,9,48,1,3.447,2.675,3.67,3.365,3.188,2.492,2.283,4.056,4.201,S2,0,7,31
D028,10,48,1,4.246,2.723,2.523,4.037,4.176,2.315,2.329,2.725,3.061,S3,1,8,54
D029,1,37,0,2.705,2.463,2.36,2.936,2.502,2.561,2.143,2.459,2.361,S3,1,6,55
D029,2,37,0,2.834,2.456,2.708,2.808,3.054,2.481,2.434,2.822,2.702,S4,1,6,54
D029,3,37,0,2.635,2.98,2.937,2.585,2.562,2.968,3.444,2.723,3.067,S1,1,5,31
D029,4,37,0,2.709,3.357,3.436,2.54,2.53,3.25,3.626,3.446,2.962,S2,1,8,38
D029,5,37,0,2.365,3.169,2.821,2.435,2.075,3.328,3.206,3.321,2.573,S3,0,5,49
D029,6,37,0,1.864,4.166,4.154,1.742,1.896,4.153,4.389,4.082,3.823,S4,1,6,59
D029,7,37,0,2.935,2.849,3.052,3.134,2.718,2.944,3.137,2.708,2.975,S1,1,4,31
D029,8,37,0,3.412,3.432,3.517,3.088,3.75,3.275,3.708,3.168,3.28,S2,1,6,21
D029,9,37,0,2.762,2.89,3.185,2.714,2.738,2.916,3.072,3.298,3.791,S3,0,5,31
D029,10,37,0,3.155,2.705,2.746,3.083,3.08,2.597,2.625,2.702,2.992,S4,0,7,44
D030,1,42,1,2.579,3.902,3.241,3.553,2.769,4.412,3.716,2.514,2.976,S4,0,6,51
D030,2,42,1,2.975,3.235,4.115,3.103,2.863,3.241,3.296,4.014,4.373,S1,1,6,29
D030,3,42,1,2.617,3.639,2.628,2.026,2.911,3.605,4.052,2.956,2.58,S2,0,5,49
D030,4,42,1,2.201,2.299,3.067,2.298,2.716,1.942,1.792,3.013,3.252,S3,1,5,55
D030,5,42,1,2.931,3.619,3.536,2.677,3.52,3.824,3.485,3.744,3.589,S4,0,6,33
D030,6,42,1,2.18,4.252,4.037,1.93,2.201,4.951,4.605,3.815,3.982,S1,1,3,36
D030,7,42,1,2.089,4.57,3.761,2.658,2.17,4.766,4.825,3.731,3.376,S2,1,6,33
D030,8,42,1,3.024,3.658,3.728,2.863,2.889,3.316,3.768,3.855,3.558,S3,0,6,22
D030,9,42,1,2.065,3.679,3.821,2.43,2.487,3.571,4.086,3.684,3.746,S4,0,5,56
D030,10,42,1,2.571,3.28,2.976,2.37,2.735,3.278,3.062,3.123,3.232,S1,1,2,59
D031,1,35,0,2.534,3.641,3.458,2.478,2.436,3.694,3.681,3.73,3.277,S1,1,6,38
D031,2,35,0,1.756,3.667,3.342,1.971,1.692,3.483,4.01,3.087,3.019,S2,1,8,38
D031,3,35,0,2.337,2.825,3.214,2.436,2.082,2.728,2.098,3.5,3.344,S3,1,8,50
D031,4,35,0,2.485,3.109,3.142,2.305,2.431,3.24,3.18,3.005,2.856,S4,1,5,34
D031,5,35,0,2.225,2.952,3.455,2.516,2.583,2.914,3.141,3.725,3.743,S1,1,2,52
D031,6,35,0,1.872,3.216,2.042,1.713,1.779,3.737,2.941,1.943,1.736,S2,1,5,35
D031,7,35,0,2.043,3.239,2.271,2.673,2.292,2.926,2.611,2.382,2.629,S3,1,6,41
D031,8,35,0,1.943,3.276,2.84,1.934,1.749,3.582,2.953,2.652,2.781,S4,1,5,32
D031,9,35,0,3.339,2.18,2.944,3.379,3.398,2.196,2.473,2.731,3.26,S1,1,6,59
D031,10,35,0,2.49,2.648,2.595,2.66,2.302,2.755,2.976,2.378,1.873,S2,0,4,38
D032,1,46,1,2.614,3.318,3.521,2.436,2.588,2.694,3.332,3.161,3.764,S2,1,5,58
D032,2,46,1,3.655,3.023,3.372,4.107,3.862,3.156,2.954,3.319,2.978,S3,1,5,24
D032,3,46,1,2.604,3.128,3.636,2.974,2.773,3.525,3.287,3.708,3.862,S4,1,7,51
D032,4,46,1,2.246,2.12,2.594,2.052,2.123,2.55,2.182,2.856,2.542,S1,0,6,45
D032,5,46,1,1.687,3.463,4.369,1.746,1.721,3.304,3.695,4.309,4.486,S2,0,7,51
D032,6,46,1,2.097,3.472,3.266,1.752,2.009,3.006,3.766,2.89,3.129,S3,1,5,37
D032,7,46,1,2.129,2.668,2.73,2.307,2.074,2.463,2.904,3.084,2.484,S4,0,6,58
D032,8,46,1,2.434,3.36,3.715,2.431,2.071,3.439,3.496,3.281,3.64,S1,1,4,57
D032,9,46,1,2.753,2.753,3.606,2.539,2.636,2.529,2.974,3.41,3.674,S2,0,5,28
D032,10,46,1,2.743,2.854,3.824,2.852,3.036,2.827,2.054,4.042,4.037,S3,1,6,52
D033,1,21,0,3.487,2.395,3.035,3.474,3.831,2.642,2.459,2.881,3.308,S3,0,7,49
D033,2,21,0,4.182,1.0,2.691,4.256,4.171,1.186,1.0,2.593,2.892,S4,0,8,58
D033,3,21,0,2.628,2.224,3.154,2.701,2.58,2.139,2.531,3.231,3.127,S1,1,4,25
D033,4,21,0,3.695,2.034,2.345,3.994,3.266,2.248,2.13,2.283,2.369,S2,1,5,44
D033,5,21,0,3.165,2.108,3.367,3.441,3.088,2.418,2.015,3.431,3.368,S3,0,6,43
D033,6,21,0,3.155,2.084,2.661,2.9,3.433,1.836,1.961,2.647,2.884,S4,1,5,51
D033,7,21,0,2.243,3.118,3.585,1.93,2.882,3.158,3.103,3.56,3.475,S1,1,7,45
D033,8,21,0,2.12,2.797,3.89,2.048,2.033,2.462,2.869,4.14,3.469,S2,0,8,58
D033,9,21,0,3.183,1.958,3.345,3.0,3.573,2.098,1.542,3.622,2.835,S3,0,6,49
D033,10,21,0,3.094,2.292,3.362,3.046,3.009,2.357,1.801,2.971,3.189,S4,0,6,42
D034,1,31,1,3.878,3.859,3.732,3.79,4.149,3.819,3.957,3.987,3.945,S4,1,6,51
D034,2,31,1,3.707,3.974,3.224,3.553,3.768,3.678,3.952,3.47,3.484,S1,1,3,53
D034,3,31,1,2.323,3.918,3.699,2.699,1.814,4.268,3.824,4.244,3.645,S2,0,3,47
D034,4,31,1,2.483,3.462,3.338,3.056,2.784,3.274,3.757,3.431,2.898,S3,0,7,45
D034,5,31,1,3.884,3.279,3.038,3.678,3.935,3.257,3.415,3.466,2.873,S4,1,6,47
D034,6,31,1,3.438,3.641,4.119,3.493,3.666,3.917,3.774,4.183,3.869,S1,1,8,42
D034,7,31,1,3.755,3.95,3.275,3.696,4.166,4.055,3.598,3.3,3.452,S2,1,8,57
D034,8,31,1,3.787,3.518,3.811,3.289,4.028,3.202,3.682,3.841,3.767,S3,0,5,20
D034,9,31,1,4.524,2.696,2.921,5.0,4.649,2.632,3.274,2.906,2.529,S4,0,7,46
D034,10,31,1,2.919,4.466,3.828,3.317,3.221,4.508,4.195,3.778,4.245,S1,1,8,54
D035,1,21,0,3.708,1.795,3.272,3.463,3.802,1.675,1.105,2.981,3.467,S1,1,8,35
D035,2,21,0,3.928,1.785,2.654,3.502,4.225,1.512,2.369,2.943,2.537,S2,0,8,59
D035,3,21,0,4.501,1.716,2.766,5.0,4.939,1.957,2.151,2.25,3.383,S3,0,5,26
D035,4,21,0,4.706,2.144,2.233,4.615,4.725,2.167,1.97,2.492,2.335,S4,0,5,26
D035,5,21,0,3.679,2.857,3.286,4.083,3.347,2.739,3.076,3.105,3.345,S1,0,6,29
D035,6,21,0,3.751,3.103,3.285,3.259,4.258,2.84,2.713,2.738,3.28,S2,1,6,24
D035,7,21,0,3.69,1.877,2.099,3.5,3.969,1.594,2.059,2.118,2.467,S3,0,3,52
D035,8,21,0,3.405,2.584,2.851,3.529,3.599,2.337,2.649,3.068,2.513,S4,0,7,40
D035,9,21,0,3.717,1.805,3.502,3.677,3.1,1.55,1.899,3.575,3.428,S1,0,6,48
D035,10,21,0,3.699,3.273,3.351,3.583,4.029,2.817,3.433,3.525,3.216,S2,1,3,30
D036,1,52,1,2.617,4.032,3.146,3.165,2.896,4.367,3.827,3.023,3.756,S2,1,5,21
D036,2,52,1,2.463,3.484,3.211,2.258,2.397,3.434,2.971,2.926,3.172,S3,1,2,39
D036,3,52,1,1.421,4.978,3.751,1.354,1.137,5.0,4.905,3.838,3.87,S4,1,6,26
D036,4,52,1,2.865,4.395,3.522,3.124,3.301,4.743,4.023,3.175,3.528,S1,0,5,31
D036,5,52,1,3.616,3.66,3.358,3.087,3.512,3.349,3.33,3.142,3.213,S2,0,8,41
D036,6,52,1,3.592,4.237,2.797,3.088,3.57,4.386,4.028,2.656,2.986,S3,0,7,52
D036,7,52,1,2.652,4.581,3.414,2.621,2.386,4.718,4.798,3.634,3.329,S4,1,6,49
D036,8,52,1,2.409,4.059,3.419,2.686,2.192,4.197,4.234,3.446,3.3,S1,1,7,47
D036,9,52,1,2.174,4.203,3.103,2.428,2.0,4.426,3.942,2.701,2.959,S2,0,5,35
D036,10,52,1,1.916,4.316,3.406,1.593,1.745,4.033,4.374,3.599,3.371,S3,1,4,32
D037,1,48,0,3.651,2.143,3.526,3.971,3.714,2.003,2.096,3.574,3.267,S3,1,8,24
D037,2,48,0,3.848,1.754,2.851,4.297,4.032,1.894,1.975,2.828,3.021,S4,1,7,21
D037,3,48,0,4.131,1.262,3.345,4.108,4.689,1.319,1.439,3.258,3.441,S1,1,6,57
D037,4,48,0,3.168,2.396,3.11,3.124,3.308,2.118,2.017,3.336,2.882,S2,0,5,30
D037,5,48,0,3.184,2.563,3.257,3.025,3.044,2.412,2.568,3.546,3.278,S3,0,6,42
D037,6,48,0,4.165,1.597,2.473,4.358,3.782,1.27,1.592,2.696,3.108,S4,1,6,24
D037,7,48,0,3.942,1.417,3.45,4.26,3.984,1.957,1.416,3.758,3.497,S1,1,3,58
D037,8,48,0,3.293,2.715,3.785,3.55,3.571,2.77,2.535,3.367,3.948,S2,1,7,56
D037,9,48,0,2.306,2.42,3.787,2.097,2.754,2.647,2.13,3.483,3.755,S3,0,4,44
D037,10,48,0,2.783,1.821,2.517,2.688,2.65,1.771,1.74,2.663,2.788,S4,1,6,41
D038,1,48,1,2.438,2.954,3.391,2.297,2.279,2.825,2.577,3.112,3.712,S4,1,7,54
D038,2,48,1,3.288,2.558,3.718,3.068,3.263,2.547,1.996,3.433,3.846,S1,1,5,35
D038,3,48,1,2.206,3.347,2.753,1.686,2.225,3.867,3.156,2.66,2.297,S2,1,5,36
D038,4,48,1,1.0,3.367,2.866,1.0,1.0,3.353,3.558,2.533,2.81,S3,0,7,34
D038,5,48,1,2.796,2.78,2.982,2.873,2.664,3.162,2.792,2.597,3.267,S4,1,7,45
D038,6,48,1,1.37,3.825,3.638,1.381,1.123,3.47,3.816,4.306,3.781,S1,1,6,25
D038,7,48,1,1.439,3.578,3.102,1.075,1.797,3.718,3.863,2.657,3.698,S2,1,7,27
D038,8,48,1,2.314,2.614,2.507,2.278,1.923,2.404,2.738,2.789,2.344,S3,0,5,59
D038,9,48,1,2.203,3.023,3.648,2.551,2.225,3.045,2.851,3.713,3.161,S4,0,6,53
D038,10,48,1,3.483,3.935,2.835,3.898,3.544,4.181,3.625,2.997,2.571,S1,0,6,51
D039,1,56,0,2.424,3.466,3.597,2.914,1.947,3.26,3.295,4.025,3.747,S1,0,6,27
D039,2,56,0,2.012,3.383,3.148,2.338,2.131,3.566,3.248,3.031,3.313,S2,0,7,54
D039,3,56,0,2.359,3.967,2.664,2.024,2.451,4.245,4.044,3.172,2.829,S3,1,4,59
D039,4,56,0,2.81,2.577,2.255,3.268,2.787,2.392,2.319,1.922,2.487,S4,0,5,37
D039,5,56,0,2.796,3.111,3.812,3.083,2.64,3.481,3.245,4.008,3.835,S1,0,5,38
D039,6,56,0,2.257,3.411,3.326,1.695,2.391,3.21,3.78,2.888,3.329,S2,1,4,24
D039,7,56,0,2.878,2.406,2.413,2.464,3.005,2.889,2.033,2.406,2.615,S3,1,4,36
D039,8,56,0,2.54,3.368,2.737,2.45,2.364,3.24,3.492,2.947,2.987,S4,0,4,53
D039,9,56,0,2.088,2.879,3.213,2.072,2.336,3.029,2.974,3.673,3.274,S1,0,5,46
D039,10,56,0,2.198,3.261,2.675,2.246,2.157,3.6,3.278,2.751,2.267,S2,1,7,49
D040,1,34,1,1.7,3.545,2.16,1.549,1.724,3.903,3.48,2.244,2.416,S2,1,4,26
D040,2,34,1,1.0,4.617,4.236,1.115,1.0,4.587,4.417,4.033,4.54,S3,1,7,49
D040,3,34,1,2.633,3.326,2.863,2.945,2.844,3.37,3.03,3.315,2.765,S4,1,6,28
D040,4,34,1,2.573,3.239,2.439,2.087,2.974,2.929,3.273,2.146,1.655,S1,1,5,55
D040,5,34,1,2.338,4.205,2.21,2.244,2.223,4.19,4.2,2.073,2.364,S2,0,8,38
D040,6,34,1,1.276,4.884,3.593,1.361,1.068,5.0,5.0,3.603,3.726,S3,1,6,47
D040,7,34,1,1.0,4.013,3.861,1.0,1.0,4.2,4.177,3.878,3.695,S4,1,6,35
D040,8,34,1,1.704,3.848,3.174,2.17,1.439,4.451,4.19,3.557,2.715,S1,0,7,60
D040,9,34,1,2.104,4.135,3.473,1.536,2.075,3.94,4.076,3.31,3.807,S2,1,6,28
D040,10,34,1,1.302,4.49,3.666,1.212,1.603,4.401,3.987,2.952,3.306,S3,1,8,24
D041,1,50,0,4.389,1.795,2.385,4.375,3.734,1.892,1.846,2.604,2.447,S3,0,6,32
D041,2,50,0,3.847,2.909,3.607,3.648,3.681,2.414,2.817,3.447,3.947,S4,1,4,38
D041,3,50,0,3.606,3.013,2.515,3.347,3.175,3.366,2.924,2.944,2.207,S1,1,4,57
D041,4,50,0,3.309,1.715,1.573,3.187,3.19,1.802,1.845,2.012,1.202,S2,1,4,48
D041,5,50,0,3.374,3.387,3.257,3.549,2.988,3.458,3.803,3.204,2.65,S3,0,5,39
D041,6,50,0,2.923,3.217,4.081,2.877,2.909,3.048,2.99,4.145,3.93,S4,0,6,52
D041,7,50,0,4.379,2.133,2.612,4.305,4.609,1.674,1.851,2.876,2.262,S1,1,3,34
D041,8,50,0,4.04,2.252,2.361,3.668,3.981,2.316,1.955,2.571,2.44,S2,1,4,34
D041,9,50,0,4.472,2.87,3.666,4.545,4.136,2.687,3.179,3.542,3.087,S3,0,4,32
D041,10,50,0,3.669,3.363,2.765,3.712,3.468,3.199,3.197,2.809,2.842,S4,0,7,53
D042,1,44,1,3.572,2.603,3.006,3.372,3.49,2.389,2.185,3.147,2.379,S4,0,5,59
D042,2,44,1,3.894,3.792,3.664,3.979,4.281,3.658,3.178,3.629,3.693,S1,1,6,56
D042,3,44,1,4.425,3.101,2.941,4.686,4.635,3.263,3.409,2.977,3.174,S2,0,2,24
D042,4,44,1,4.553,2.263,1.654,4.569,4.642,1.886,2.483,1.759,1.597,S3,0,4,29
D042,5,44,1,3.922,3.938,2.961,3.906,3.57,4.238,3.664,3.265,3.057,S4,0,8,38
D042,6,44,1,4.198,3.629,3.396,4.466,4.198,3.375,4.055,3.531,3.298,S1,0,7,38
D042,7,44,1,3.05,3.795,3.699,3.529,3.009,3.32,3.58,4.346,3.492,S2,0,7,52
D042,8,44,1,3.405,3.97,3.388,3.397,3.51,4.073,3.724,3.93,3.128,S3,0,4,29
D042,9,44,1,4.258,3.697,3.074,4.3,3.782,3.779,3.5,2.682,2.798,S4,1,8,25
D042,10,44,1,4.066,2.945,2.293,4.297,3.605,3.68,2.978,2.046,1.624,S1,0,6,53
D043,1,25,0,3.022,2.609,3.754,2.775,3.161,2.448,2.572,3.743,3.994,S1,1,6,34
D043,2,25,0,3.988,1.189,3.736,4.083,4.073,1.0,1.329,3.694,3.952,S2,0,4,44
D043,3,25,0,2.778,2.326,3.147,2.935,2.848,2.553,2.712,3.106,2.878,S3,0,2,48
D043,4,25,0,3.573,2.39,2.963,3.464,3.673,2.132,2.653,3.057,3.421,S4,0,6,20
D043,5,25,0,4.007,1.675,2.648,3.773,4.481,1.839,2.092,2.631,2.476,S1,0,4,46
D043,6,25,0,4.428,2.075,2.806,4.447,4.567,1.535,2.258,3.134,2.863,S2,1,7,22
D043,7,25,0,3.399,2.77,3.431,2.739,3.661,2.627,2.814,3.839,3.224,S3,0,4,54
D043,8,25,0,4.442,2.051,1.907,4.368,4.429,1.752,1.868,2.176,2.263,S4,1,5,40
D043,9,25,0,3.917,1.01,2.933,3.906,4.084,1.0,1.224,2.864,2.565,S1,0,4,49
D043,10,25,0,3.778,2.49,2.582,3.956,4.256,2.596,3.126,2.703,2.902,S2,0,4,54
D044,1,36,1,2.44,4.181,3.043,1.965,2.497,4.09,4.279,2.833,2.486,S2,1,5,35
D044,2,36,1,2.6,3.731,3.166,2.493,2.693,3.666,3.554,2.884,2.888,S3,1,7,35
D044,3,36,1,3.411,3.824,3.869,3.488,3.109,3.435,3.569,3.995,3.355,S4,0,4,51
D044,4,36,1,2.806,3.611,3.857,2.855,2.692,3.711,3.521,3.839,3.276,S1,1,6,56
D044,5,36,1,4.057,3.858,2.779,3.994,4.473,4.047,3.5,2.823,2.441,S2,0,6,23
D044,6,36,1,4.428,2.903,2.185,4.753,4.203,2.335,3.046,2.058,2.141,S3,0,5,47
D044,7,36,1,3.106,3.731,2.837,2.665,3.778,3.26,3.767,2.924,3.052,S4,1,6,40
D044,8,36,1,3.489,3.476,3.293,3.71,3.31,3.365,3.379,3.398,3.435,S1,0,6,24
D044,9,36,1,2.964,3.682,3.816,3.136,2.766,3.894,3.53,3.951,4.021,S2,1,4,32
D044,10,36,1,3.026,4.032,3.953,3.017,3.246,3.427,4.679,4.267,3.847,S3,0,5,33
D045,1,31,0,2.207,4.053,3.3,2.662,2.327,4.461,4.05,3.382,2.979,S3,1,4,20
D045,2,31,0,1.083,3.363,3.114,1.026,1.214,3.16,3.244,3.274,2.923,S4,1,6,57
D045,3,31,0,2.577,3.07,2.774,2.198,2.387,3.046,2.784,2.962,2.519,S1,1,4,54
D045,4,31,0,2.476,3.519,3.937,2.453,3.132,3.411,3.752,3.885,4.28,S2,1,6,39
D045,5,31,0,2.742,2.99,2.186,2.526,2.868,3.163,3.264,2.125,1.697,S3,1,5,45
D045,6,31,0,2.528,3.167,2.934,2.39,2.596,3.804,3.153,2.691,2.586,S4,0,6,22
D045,7,31,0,1.173,3.108,3.651,1.823,1.063,3.643,3.469,3.675,3.739,S1,1,5,41
D045,8,31,0,1.0,4.035,3.015,1.492,1.112,3.759,4.138,3.107,3.171,S2,0,6,46
D045,9,31,0,2.278,2.609,2.513,1.913,2.904,2.771,2.566,2.685,2.424,S3,1,6,48
D045,10,31,0,2.454,3.211,2.04,2.206,2.488,3.229,3.107,2.3,1.576,S4,0,6,43
D046,1,30,1,2.44,4.194,4.297,2.104,2.318,4.041,4.417,4.269,4.176,S4,1,5,48
D046,2,30,1,3.354,3.022,2.618,3.18,3.326,3.06,3.375,2.025,2.689,S1,1,6,55
D046,3,30,1,3.879,2.56,1.922,4.172,3.82,2.525,2.247,2.077,2.392,S2,0,7,54
D046,4,30,1,3.218,3.166,2.378,3.735,3.573,3.278,3.236,2.843,2.197,S3,1,4,57
D046,5,30,1,3.176,3.508,3.024,2.741,3.222,3.661,3.496,2.824,3.18,S4,1,6,50
D046,6,30,1,3.424,3.089,3.766,3.563,3.415,3.255,2.774,3.35,3.859,S1,0,7,29
D046,7,30,1,3.132,3.576,3.023,3.339,2.496,3.461,4.28,2.923,3.497,S2,0,6,29
D046,8,30,1,3.711,3.876,4.229,3.969,3.726,3.479,4.684,4.458,4.141,S3,0,8,48
D046,9,30,1,3.561,4.147,3.534,3.183,2.885,3.927,4.611,3.662,3.123,S4,0,7,35
D046,10,30,1,3.774,3.124,2.24,3.268,3.562,3.411,3.015,1.997,2.048,S1,0,6,26
D047,1,38,0,4.33,1.865,2.336,4.304,4.392,1.494,1.708,2.456,1.741,S1,0,6,28
D047,2,38,0,3.049,4.17,3.442,3.026,3.182,3.881,4.364,3.544,3.249,S2,1,7,32
D047,3,38,0,3.483,2.789,2.999,3.772,3.38,2.246,3.006,2.54,3.307,S3,0,5,45
D047,4,38,0,3.182,2.84,2.956,2.589,2.883,3.233,2.501,2.893,2.662,S4,0,8,37
D047,5,38,0,3.641,2.055,2.984,4.049,3.524,2.135,2.138,2.838,2.703,S1,0,6,59
D047,6,38,0,3.254,2.553,2.522,3.657,3.381,2.368,2.416,1.958,2.566,S2,1,6,34
D047,7,38,0,2.201,3.313,3.454,2.422,2.535,3.48,3.268,3.23,3.373,S3,1,5,26
D047,8,38,0,3.826,3.894,3.657,3.326,3.775,4.105,3.484,3.24,3.793,S4,0,6,54
D047,9,38,0,4.408,2.403,2.995,4.425,4.579,2.305,2.478,2.558,2.691,S1,0,3,52
D047,10,38,0,4.382,2.699,1.96,5.0,4.544,2.359,2.602,2.229,2.076,S2,1,4,40
D048,1,33,1,3.415,4.027,3.236,3.545,3.498,3.952,4.059,3.431,3.176,S2,1,6,43
D048,2,33,1,4.043,4.078,3.838,4.065,3.89,4.132,3.891,4.12,3.911,S3,1,8,23
D048,3,33,1,4.351,3.764,3.228,4.503,4.481,3.863,3.906,3.072,2.84,S4,0,7,59
D048,4,33,1,2.771,4.159,4.401,2.316,3.326,4.115,4.145,4.277,4.698,S1,0,5,24
D048,5,33,1,2.785,3.506,3.685,2.76,2.809,3.558,3.69,3.385,3.248,S2,0,5,25
D048,6,33,1,2.962,4.65,4.191,2.748,2.627,3.999,4.332,4.295,3.977,S3,1,5,39
D048,7,33,1,3.228,4.206,3.727,3.522,3.273,4.138,3.928,3.387,4.027,S4,0,6,21
D048,8,33,1,3.366,3.874,3.199,3.332,3.584,4.048,3.297,2.828,3.401,S1,0,7,35
D048,9,33,1,3.477,4.045,3.527,4.089,3.383,3.693,4.386,3.661,2.705,S2,0,8,30
D048,10,33,1,4.495,4.281,3.862,3.889,4.806,4.863,4.247,3.479,3.559,S3,0,5,36
D049,1,48,0,3.276,2.978,3.338,3.148,3.046,2.704,2.701,2.975,3.54,S3,0,3,55
D049,2,48,0,4.177,2.137,2.33,4.433,3.8,1.861,2.286,2.222,2.595,S4,0,7,37
D049,3,48,0,2.869,2.958,3.517,2.419,3.226,3.309,3.189,3.207,3.287,S1,1,6,45
D049,4,48,0,3.302,2.607,3.433,2.938,3.14,2.816,2.834,3.446,4.241,S2,0,4,47
D049,5,48,0,3.141,2.494,2.566,3.325,2.953,2.53,2.213,3.339,2.752,S3,0,4,45
D049,6,48,0,3.555,3.129,3.638,3.887,3.773,3.184,3.082,3.422,3.652,S4,1,7,26
D049,7,48,0,3.199,3.338,3.661,2.659,3.442,3.179,2.915,3.499,3.819,S1,1,6,39
D049,8,48,0,4.014,2.813,3.225,4.624,4.437,2.911,2.421,3.333,3.242,S2,1,6,42
D049,9,48,0,3.617,2.577,2.089,3.916,4.008,3.318,2.812,1.667,1.955,S3,0,3,38
D049,10,48,0,3.429,2.15,2.277,2.983,3.5,2.592,2.033,1.827,2.533,S4,1,5,43
D050,1,45,1,3.236,3.235,3.018,3.042,3.65,3.165,3.52,3.305,2.634,S4,1,6,55
D050,2,45,1,3.519,3.657,3.467,3.287,3.426,4.14,3.552,3.712,3.938,S1,1,5,48
D050,3,45,1,3.428,3.155,1.971,3.482,3.399,3.283,2.841,1.773,1.405,S2,0,4,33
D050,4,45,1,2.58,3.744,3.894,2.783,2.561,3.46,3.951,3.972,3.533,S3,0,7,30
D050,5,45,1,3.905,2.944,3.097,3.813,3.771,2.899,2.97,2.756,2.611,S4,1,6,55
D050,6,45,1,3.313,3.187,3.964,3.18,3.45,3.36,3.233,3.717,3.831,S1,1,6,50
D050,7,45,1,3.412,2.219,2.42,3.111,3.339,2.388,2.261,2.229,2.719,S2,1,5,49
D050,8,45,1,3.073,2.905,2.357,3.131,3.208,3.188,2.957,2.377,2.746,S3,0,5,26
D050,9,45,1,3.978,4.429,4.238,4.138,4.168,4.313,4.837,4.284,4.164,S4,1,5,42
D050,10,45,1,3.127,3.443,3.393,3.258,2.93,3.255,3.009,3.334,3.573,S1,0,5,51
D051,1,27,0,1.306,3.384,3.795,1.443,1.703,3.353,3.577,3.83,3.599,S1,0,6,33
D051,2,27,0,2.018,2.894,3.958,1.553,1.84,3.105,3.035,3.882,3.831,S2,0,6,41
D051,3,27,0,2.229,2.701,2.684,2.239,1.923,2.776,2.543,2.493,2.652,S3,0,6,36
D051,4,27,0,1.918,3.271,3.379,2.089,2.687,3.35,3.582,3.612,3.643,S4,1,4,40
D051,5,27,0,1.597,3.059,3.55,1.743,1.576,3.0,3.021,3.815,3.029,S1,0,5,36
D051,6,27,0,1.95,3.194,4.316,1.617,1.957,3.762,2.928,4.525,4.436,S2,1,7,56
D051,7,27,0,2.594,2.832,3.583,2.003,2.817,3.424,2.56,3.599,3.706,S3,0,4,52
D051,8,27,0,1.969,3.416,2.669,2.048,1.783,3.558,3.671,2.886,2.978,S4,1,6,39
D051,9,27,0,2.147,3.338,4.514,2.154,2.293,3.138,3.526,4.761,4.501,S1,1,5,44
D051,10,27,0,3.05,2.524,2.979,2.861,3.287,2.418,2.604,2.943,3.288,S2,0,7,31
D052,1,42,1,2.499,3.171,3.233,2.558,2.316,3.247,3.289,3.585,3.26,S2,1,5,37
D052,2,42,1,2.425,3.765,3.819,2.209,1.985,3.736,3.747,3.864,4.261,S3,1,5,32
D052,3,42,1,2.198,3.021,3.395,2.214,2.21,2.735,2.826,3.587,3.155,S4,1,6,59
D052,4,42,1,2.649,2.406,3.192,2.486,2.516,2.419,2.461,3.096,3.734,S1,0,7,59
D052,5,42,1,3.366,2.992,2.739,3.924,3.388,2.969,3.17,3.138,3.02,S2,1,4,20
D052,6,42,1,2.63,2.954,3.015,2.656,2.939,2.902,2.494,2.999,2.765,S3,1,4,32
D052,7,42,1,2.263,3.232,3.772,1.999,1.864,3.441,3.109,3.666,3.147,S4,1,5,40
D052,8,42,1,2.535,2.112,2.573,2.564,2.498,2.722,2.257,2.663,3.145,S1,0,5,45
D052,9,42,1,1.934,2.782,3.392,1.744,1.509,2.34,2.757,3.34,3.319,S2,0,5,23
D052,10,42,1,1.797,3.311,3.126,1.929,2.022,3.675,2.938,2.407,2.748,S3,1,6,57
D053,1,27,0,3.762,2.606,2.349,3.873,3.892,2.846,2.794,2.598,1.97,S3,1,8,51
D053,2,27,0,3.455,3.822,3.148,3.061,3.996,3.882,3.722,3.071,2.637,S4,1,4,23
D053,3,27,0,3.634,3.606,2.378,3.873,3.622,3.477,3.837,2.325,2.6,S1,1,5,50
D053,4,27,0,3.327,3.757,2.601,3.649,3.193,4.045,3.57,2.634,2.891,S2,1,6,54
D053,5,27,0,3.644,3.444,3.199,3.671,3.653,3.12,3.926,2.887,2.821,S3,1,7,34
D053,6,27,0,4.042,2.858,1.984,3.86,3.934,2.475,2.973,1.75,2.054,S4,1,3,52
D053,7,27,0,3.531,4.001,2.715,3.216,3.899,3.724,3.841,2.784,2.553,S1,1,6,51
D053,8,27,0,3.489,3.173,2.706,4.158,3.228,3.061,3.18,3.062,2.999,S2,0,5,34
D053,9,27,0,3.536,2.7,3.182,3.831,3.561,2.364,2.663,3.534,3.276,S3,0,5,35
D053,10,27,0,2.215,3.231,3.077,2.337,2.106,3.016,2.974,2.935,3.049,S4,1,7,52
D054,1,36,1,2.853,3.266,3.197,2.718,2.956,3.303,3.092,3.187,3.469,S4,0,7,34
D054,2,36,1,3.069,2.655,2.938,3.629,3.323,2.938,2.556,2.877,2.861,S1,1,4,44
D054,3,36,1,3.616,2.331,2.584,3.246,3.387,2.163,2.489,2.617,2.561,S2,0,5,41
D054,4,36,1,2.529,3.281,3.511,2.127,2.46,3.882,3.228,3.617,3.464,S3,1,6,39
D054,5,36,1,3.232,3.931,3.287,3.455,3.034,4.402,3.329,3.439,3.116,S4,1,7,37
D054,6,36,1,3.514,2.654,2.591,3.793,3.939,2.964,2.562,2.386,2.8,S1,0,4,24
D054,7,36,1,1.81,4.441,4.735,1.951,1.34,4.313,4.657,4.245,4.841,S2,0,7,47
D054,8,36,1,1.786,3.916,3.87,1.93,1.752,3.726,3.476,3.889,3.389,S3,1,5,46
D054,9,36,1,2.78,3.505,3.781,2.772,2.876,2.798,3.676,3.748,3.581,S4,1,5,32
D054,10,36,1,2.392,4.151,3.734,2.778,2.76,4.039,3.958,3.612,4.022,S1,1,7,48
D055,1,44,0,1.326,3.652,3.507,1.126,1.297,4.1,4.073,3.415,3.299,S1,0,5,46
D055,2,44,0,1.628,4.429,3.507,2.097,1.284,4.177,4.137,3.146,3.573,S2,1,5,54
D055,3,44,0,1.795,2.959,2.89,1.982,1.675,3.438,3.223,2.718,3.324,S3,0,6,41
D055,4,44,0,2.051,3.403,3.306,2.136,1.999,3.476,3.285,2.617,3.288,S4,1,5,36
D055,5,44,0,2.213,3.636,3.138,1.758,2.086,3.899,3.711,3.184,2.944,S1,0,8,24
D055,6,44,0,1.498,4.435,3.123,1.093,1.584,5.0,4.362,3.011,3.121,S2,1,6,41
D055,7,44,0,2.747,3.213,2.913,3.006,2.759,3.17,2.776,3.074,3.354,S3,0,4,31
D055,8,44,0,2.362,3.001,2.759,1.702,2.607,3.111,3.342,2.411,2.415,S4,0,5,22
D055,9,44,0,2.442,3.413,3.242,2.325,2.722,3.261,3.532,3.292,3.545,S1,1,4,28
D055,10,44,0,4.407,2.523,1.612,4.237,4.451,2.612,2.668,1.416,2.15,S2,1,4,26
D056,1,55,1,3.596,2.317,3.101,3.267,3.637,1.739,2.243,2.827,2.702,S2,1,6,25
D056,2,55,1,3.439,2.877,3.048,3.661,3.59,2.729,2.861,3.303,2.978,S3,1,6,21
D056,3,55,1,3.102,3.384,3.19,3.016,3.0,3.145,3.792,3.269,3.164,S4,1,5,30
D056,4,55,1,2.144,3.283,3.139,2.17,2.547,3.519,3.243,2.997,2.887,S1,1,4,30
D056,5,55,1,1.276,4.388,3.725,1.224,1.138,4.64,4.309,3.185,3.551,S2,1,7,43
D056,6,55,1,2.26,2.434,3.274,2.268,1.817,2.366,2.746,2.83,3.174,S3,0,5,60
D056,7,55,1,3.5,2.543,2.987,3.993,3.557,2.437,2.313,2.747,3.593,S4,1,6,47
D056,8,55,1,2.909,2.786,2.896,3.185,3.071,2.354,2.303,2.945,2.978,S1,0,6,48
D056,9,55,1,3.725,3.09,3.013,3.895,3.905,3.112,2.604,3.242,2.83,S2,0,6,57
D056,10,55,1,3.827,2.504,2.442,3.497,4.267,2.448,2.432,2.527,2.348,S3,1,7,30
D057,1,46,0,2.724,4.662,3.353,2.817,3.087,4.864,5.0,3.491,3.065,S3,1,6,28
D057,2,46,0,2.549,3.901,3.292,2.555,2.83,3.774,3.649,3.253,3.481,S4,1,5,22
D057,3,46,0,2.156,4.568,3.219,2.32,2.945,4.435,4.676,3.079,3.226,S1,1,6,22
D057,4,46,0,3.014,4.319,2.152,3.228,3.066,4.396,3.999,2.118,2.446,S2,0,6,42
D057,5,46,0,2.579,3.152,2.687,2.729,2.767,3.281,3.156,2.657,2.999,S3,1,4,21
D057,6,46,0,2.799,3.092,3.322,3.001,2.929,2.951,3.2,2.898,3.348,S4,1,6,47
D057,7,46,0,2.662,3.912,3.078,2.935,2.884,4.102,3.828,3.042,3.496,S1,1,6,43
D057,8,46,0,3.247,4.27,1.818,3.418,3.056,4.102,3.804,1.484,1.982,S2,0,7,51
D057,9,46,0,2.778,2.835,2.456,2.73,2.571,2.804,3.125,2.626,2.638,S3,0,7,30
D057,10,46,0,2.538,3.451,2.882,2.652,2.618,3.519,3.482,2.634,3.265,S4,1,4,28
D058,1,33,1,2.951,3.159,2.54,2.824,2.925,3.382,2.939,2.751,2.695,S4,1,6,47
D058,2,33,1,3.177,3.599,3.273,3.322,3.217,3.92,3.345,3.027,3.703,S1,1,5,60
D058,3,33,1,3.219,4.032,3.907,3.009,3.176,4.051,3.643,3.933,4.14,S2,0,4,52
D058,4,33,1,3.164,2.755,2.433,3.701,2.966,2.801,3.057,2.719,2.188,S3,0,7,38
D058,5,33,1,2.627,3.159,2.905,2.946,2.895,3.46,3.169,2.593,2.758,S4,1,5,47
D058,6,33,1,1.831,3.348,3.341,2.11,2.014,3.372,3.419,2.714,3.248,S1,0,6,43
D058,7,33,1,3.516,2.403,2.362,3.518,3.518,2.54,2.794,2.439,2.378,S2,0,4,51
D058,8,33,1,2.299,3.792,3.599,2.498,2.805,3.723,3.349,3.666,3.465,S3,1,6,23
D058,9,33,1,2.144,2.981,3.151,2.01,2.261,2.95,3.334,2.887,3.26,S4,1,6,28
D058,10,33,1,2.754,3.186,2.77,3.013,2.833,3.36,3.147,2.491,2.655,S1,1,6,48
D059,1,36,0,3.399,3.403,2.451,3.608,3.681,3.4,3.308,2.198,2.523,S1,0,5,40
D059,2,36,0,3.583,2.875,2.546,3.487,3.916,2.645,3.204,2.676,2.741,S2,0,8,32
D059,3,36,0,2.772,2.038,2.129,3.016,2.758,1.694,2.487,2.133,2.112,S3,1,5,57
D059,4,36,0,2.087,3.459,3.105,2.14,2.155,3.605,3.542,2.651,3.047,S4,1,4,46
D059,5,36,0,1.73,4.063,4.098,1.521,1.764,4.034,4.134,4.086,4.263,S1,1,7,20
D059,6,36,0,1.971,3.64,2.754,2.223,1.909,3.843,3.079,3.131,2.903,S2,1,6,54
D059,7,36,0,2.525,2.855,2.486,2.573,2.563,2.798,3.108,2.343,2.388,S3,0,4,29
D059,8,36,0,2.482,3.622,4.105,2.098,2.334,3.819,3.797,4.297,4.165,S4,1,7,35
D059,9,36,0,2.987,2.902,2.875,3.162,2.699,2.988,3.254,2.846,2.122,S1,1,5,28
D059,10,36,0,2.478,2.985,1.944,2.492,2.45,3.462,2.594,1.938,2.037,S2,0,5,23
D060,1,43,1,3.336,2.968,3.325,3.643,3.28,2.569,3.291,2.986,3.497,S2,0,6,54
D060,2,43,1,3.251,2.786,4.027,3.689,3.494,2.646,2.708,3.715,3.641,S3,0,8,55
D060,3,43,1,4.059,2.918,3.635,3.99,4.377,2.669,2.741,3.766,3.566,S4,0,8,21
D060,4,43,1,3.297,3.171,2.849,3.381,3.438,3.219,2.865,2.828,3.148,S1,0,5,49
D060,5,43,1,2.666,3.637,3.441,2.675,2.451,3.721,3.943,3.37,3.494,S2,0,4,47
D060,6,43,1,2.5,3.382,3.573,2.284,2.286,3.159,3.586,4.257,3.788,S3,0,7,35
D060,7,43,1,2.909,2.465,3.08,3.008,3.045,2.448,1.865,2.932,3.277,S4,0,6,44
D060,8,43,1,2.38,3.06,3.328,2.96,2.244,3.59,2.658,3.584,3.043,S1,0,5,55
D060,9,43,1,3.505,3.338,3.067,3.465,3.82,3.487,3.225,3.004,2.876,S2,0,6,31
D060,10,43,1,4.065,2.589,2.166,3.586,3.601,2.42,2.405,1.93,1.906,S3,0,8,51
D061,1,35,0,3.394,3.4,3.907,3.634,3.602,3.308,3.019,4.202,3.802,S3,0,5,54
D061,2,35,0,3.978,2.365,1.461,3.824,3.885,2.641,2.512,1.0,1.623,S4,1,6,22
D061,3,35,0,3.138,2.683,2.733,2.9,3.123,3.252,2.672,2.901,3.115,S1,1,7,37
D061,4,35,0,3.571,2.426,2.237,4.036,3.476,2.421,2.19,2.884,1.714,S2,0,7,23
D061,5,35,0,3.372,2.958,2.538,3.901,3.615,3.703,3.471,2.591,2.923,S3,0,5,36
D061,6,35,0,2.596,3.665,2.792,2.966,2.368,3.284,3.715,2.854,3.239,S4,1,5,43
D061,7,35,0,2.02,3.986,3.094,2.192,2.243,3.751,4.401,3.332,2.641,S1,1,5,23
D061,8,35,0,2.638,4.028,3.782,2.538,2.66,4.149,4.297,4.035,3.772,S2,1,5,58
D061,9,35,0,2.883,3.909,2.793,2.343,2.693,3.753,3.953,2.728,2.515,S3,1,5,45
D061,10,35,0,3.267,2.976,2.172,2.935,3.645,2.999,3.182,1.991,2.209,S4,1,2,42
D062,1,44,1,3.641,3.364,2.513,3.477,3.796,3.138,3.399,2.479,2.157,S4,1,6,45
D062,2,44,1,2.804,3.901,3.031,2.648,2.456,3.685,4.103,3.042,2.997,S1,0,7,48
D062,3,44,1,3.932,3.463,2.754,3.98,4.005,3.054,3.323,2.758,2.75,S2,0,6,48
D062,4,44,1,3.728,3.003,2.733,3.848,3.834,2.699,2.987,2.394,3.204,S3,0,5,34
D062,5,44,1,3.168,4.107,2.922,3.133,3.04,3.951,3.896,2.937,2.793,S4,1,7,52
D062,6,44,1,3.761,3.816,2.484,4.168,3.931,3.544,3.697,2.13,2.811,S1,0,6,43
D062,7,44,1,4.267,2.824,2.643,4.734,3.971,3.234,2.616,3.052,2.404,S2,1,5,43
D062,8,44,1,4.615,3.211,3.273,4.44,3.969,3.079,2.982,3.498,3.314,S3,1,6,37
D062,9,44,1,3.174,2.498,3.398,2.758,3.008,2.541,2.33,3.501,3.009,S4,1,6,20
D062,10,44,1,3.437,2.716,2.932,3.383,3.618,2.91,2.719,3.101,2.676,S1,1,5,59
D063,1,35,0,2.15,4.159,3.468,2.474,1.661,3.968,4.273,3.764,3.023,S1,0,8,42
D063,2,35,0,2.324,3.118,2.8,2.637,2.492,2.909,2.793,2.953,2.507,S2,1,7,25
D063,3,35,0,2.195,3.179,3.315,2.339,2.65,3.102,3.219,3.446,3.426,S3,0,3,54
D063,4,35,0,3.098,2.282,2.692,2.683,2.975,2.59,2.581,2.072,3.235,S4,1,4,29
D063,5,35,0,2.888,3.092,2.532,3.215,2.875,2.926,2.916,2.669,2.411,S1,1,5,50
D063,6,35,0,3.349,3.322,2.131,3.644,2.988,3.294,3.827,1.462,1.971,S2,1,5,56
D063,7,35,0,1.9,3.997,3.147,1.865,1.267,3.935,3.792,2.755,2.868,S3,1,7,58
D063,8,35,0,1.655,2.91,3.419,1.848,1.698,3.09,2.987,3.299,3.464,S4,1,6,45
D063,9,35,0,2.39,3.252,3.573,2.275,2.418,3.335,3.182,3.445,3.871,S1,0,5,40
D063,10,35,0,2.445,3.746,2.47,2.535,1.921,4.147,3.754,2.526,2.438,S2,0,5,50
D064,1,41,1,4.067,3.326,3.177,4.139,3.894,3.246,2.937,3.085,3.203,S2,1,5,36
D064,2,41,1,3.638,4.107,2.635,3.724,3.928,4.232,4.121,2.46,2.93,S3,0,5,37
D064,3,41,1,3.236,4.144,3.335,3.222,2.77,4.229,3.801,3.342,3.4,S4,1,5,48
D064,4,41,1,3.959,3.444,3.438,4.21,4.215,3.134,3.426,3.383,3.889,S1,0,4,59
D064,5,41,1,3.53,3.869,3.269,3.896,3.314,3.998,4.147,3.387,2.976,S2,0,3,27
D064,6,41,1,2.702,4.305,3.522,3.128,3.046,4.556,4.565,3.087,3.269,S3,0,6,27
D064,7,41,1,2.871,3.901,3.33,2.857,2.925,3.994,3.952,3.54,3.411,S4,1,7,45
D064,8,41,1,3.593,3.603,2.93,3.784,3.305,3.205,3.647,3.147,3.059,S1,0,6,49
D064,9,41,1,4.186,3.263,2.19,4.13,4.455,2.928,2.869,2.209,2.19,S2,0,6,52
D064,10,41,1,3.239,3.923,3.491,3.237,3.268,3.157,4.386,3.308,3.978,S3,1,6,20
D065,1,24,0,3.708,2.016,2.354,4.015,2.933,2.194,1.655,2.322,2.356,S3,0,5,36
D065,2,24,0,3.855,2.34,2.399,4.209,3.732,2.46,2.802,2.091,2.763,S4,1,8,22
D065,3,24,0,2.803,2.725,2.385,2.634,2.566,2.656,3.07,1.961,2.49,S1,1,5,34
D065,4,24,0,1.607,3.625,4.448,1.932,1.456,4.181,3.227,4.12,5.0,S2,0,6,59
D065,5,24,0,2.241,3.039,3.063,1.766,2.301,2.613,3.128,3.139,3.167,S3,1,6,49
D065,6,24,0,2.299,3.395,4.185,1.627,1.964,3.442,3.265,3.989,4.309,S4,0,6,59
D065,7,24,0,2.939,3.285,2.585,2.648,2.829,2.998,3.352,2.512,2.51,S1,0,7,50
D065,8,24,0,2.643,3.262,3.05,2.838,2.697,3.982,3.627,3.145,3.237,S2,1,7,20
D065,9,24,0,2.33,3.454,2.507,1.979,2.479,3.404,3.53,2.272,2.399,S3,0,5,37
D065,10,24,0,1.721,3.269,3.594,1.153,1.735,3.366,3.277,3.419,3.981,S4,1,5,40
D066,1,46,1,3.423,3.368,3.366,3.619,2.877,3.21,3.684,3.659,3.596,S4,1,7,44
D066,2,46,1,2.47,3.884,3.393,2.291,2.232,3.956,4.071,3.097,3.308,S1,0,6,25
D066,3,46,1,1.998,3.747,2.99,2.073,1.799,3.557,3.65,2.452,3.112,S2,1,6,22
D066,4,46,1,2.46,3.441,4.054,2.465,2.512,3.133,2.976,4.23,3.928,S3,0,7,51
D066,5,46,1,2.728,3.509,2.495,2.676,2.212,3.626,3.513,2.717,2.443,S4,0,2,28
D066,6,46,1,2.452,4.333,3.358,2.473,2.37,4.685,4.474,3.393,3.614,S1,0,7,23
D066,7,46,1,2.519,2.788,2.635,2.411,2.465,2.552,2.817,2.98,3.018,S2,0,4,48
D066,8,46,1,2.977,3.287,2.931,2.896,3.043,2.933,3.407,2.778,2.668,S3,0,7,38
D066,9,46,1,2.644,3.924,2.864,2.786,2.193,3.653,3.864,3.065,3.057,S4,1,3,53
D066,10,46,1,1.635,3.898,3.402,1.901,1.901,4.033,3.631,3.39,3.539,S1,1,6,29
D067,1,20,0,2.372,3.339,2.711,2.526,2.139,3.597,3.482,3.012,3.27,S1,1,5,49
D067,2,20,0,3.224,2.951,2.433,3.324,3.449,3.249,3.078,2.653,2.41,S2,0,6,47
D067,3,20,0,2.77,3.025,2.93,2.577,2.728,3.337,3.6,2.336,2.744,S3,1,3,58
D067,4,20,0,2.974,2.767,2.146,2.754,3.496,2.594,2.861,1.741,2.287,S4,0,5,30
D067,5,20,0,3.738,2.898,3.057,4.467,3.804,3.161,2.954,2.744,2.999,S1,0,5,43
D067,6,20,0,3.877,3.466,2.674,4.041,4.1,3.696,3.159,2.549,2.476,S2,1,6,25
D067,7,20,0,2.887,3.444,3.25,3.076,2.968,3.161,3.577,2.608,3.523,S3,1,6,40
D067,8,20,0,1.508,3.339,2.625,1.602,1.553,3.555,3.453,2.845,3.123,S4,1,6,22
D067,9,20,0,2.439,3.818,3.796,2.645,2.28,3.532,3.775,4.011,3.695,S1,1,4,43
D067,10,20,0,2.271,4.361,2.901,2.444,2.417,4.098,4.473,2.643,3.299,S2,1,7,23
D068,1,37,1,2.336,2.327,3.305,2.138,2.11,2.294,2.641,3.796,3.473,S2,1,7,58
D068,2,37,1,2.44,3.765,3.737,2.38,2.48,3.802,3.917,3.365,3.967,S3,1,5,46
D068,3,37,1,2.774,2.596,2.871,2.726,2.867,2.681,2.643,2.74,2.376,S4,0,7,40
D068,4,37,1,2.606,2.778,2.526,2.183,2.844,2.786,2.792,2.288,2.158,S1,0,6,20
D068,5,37,1,2.934,3.022,2.598,3.233,2.578,3.362,3.227,3.286,2.45,S2,1,7,34
D068,6,37,1,3.262,3.007,2.893,3.46,3.438,2.865,3.489,3.42,2.85,S3,0,7,33
D068,7,37,1,2.617,3.204,3.857,2.88,2.759,2.927,3.364,3.815,4.04,S4,0,5,41
D068,8,37,1,2.487,3.064,3.126,2.259,2.611,3.21,2.827,3.083,3.378,S1,0,6,21
D068,9,37,1,1.788,3.193,3.079,2.032,1.743,3.024,2.946,3.0,3.501,S2,0,5,49
D068,10,37,1,2.386,3.209,2.497,2.572,1.972,2.866,3.227,2.366,2.25,S3,1,4,45
D069,1,53,0,1.779,3.441,2.495,1.569,2.063,3.176,3.011,2.45,2.618,S3,1,5,52
D069,2,53,0,3.778,3.08,2.502,4.189,3.816,3.317,2.795,2.336,2.596,S4,0,5,27
D069,3,53,0,2.688,3.446,3.595,3.102,2.641,3.179,3.271,3.493,3.219,S1,1,4,48
D069,4,53,0,3.099,2.369,2.216,3.377,2.956,2.94,2.169,2.465,2.63,S2,0,6,51
D069,5,53,0,3.514,2.815,2.716,3.31,3.722,3.229,2.793,2.904,2.807,S3,1,7,47
D069,6,53,0,2.817,3.409,3.535,2.783,2.955,3.577,3.456,3.156,3.796,S4,1,5,21
D069,7,53,0,3.076,3.632,3.321,2.751,3.197,3.675,3.613,3.36,3.197,S1,0,8,36
D069,8,53,0,1.778,3.972,3.181,2.13,2.321,4.232,4.48,3.073,3.076,S2,1,3,45
D069,9,53,0,2.772,3.371,2.955,2.392,2.534,3.389,2.917,3.514,2.761,S3,0,5,22
D069,10,53,0,1.313,3.881,3.619,1.336,1.301,4.186,3.584,3.431,3.403,S4,1,6,36
D070,1,57,1,4.572,1.674,3.865,4.441,5.0,1.898,1.825,4.06,4.096,S4,0,5,39
D070,2,57,1,5.0,1.514,2.553,5.0,5.0,1.407,2.058,2.828,1.987,S1,0,7,58
D070,3,57,1,4.959,1.466,3.367,5.0,5.0,1.21,1.382,3.35,3.802,S2,1,7,58
D070,4,57,1,4.053,1.644,3.891,4.306,3.655,1.164,1.772,3.904,4.337,S3,1,7,41
D070,5,57,1,3.232,2.283,4.282,3.515,3.326,2.691,2.806,4.773,4.051,S4,0,6,33
D070,6,57,1,4.641,1.164,2.615,4.857,4.566,1.0,1.253,2.223,2.609,S1,0,6,48
D070,7,57,1,5.0,1.0,3.503,5.0,4.94,1.0,1.0,3.413,3.559,S2,0,4,48
D070,8,57,1,3.63,2.059,4.09,3.895,3.068,2.03,2.55,4.261,3.806,S3,1,8,58
D070,9,57,1,4.067,1.0,3.396,3.788,4.016,1.0,1.0,3.481,3.109,S4,0,6,21
D070,10,57,1,3.612,2.5,4.167,3.463,3.677,2.684,2.807,4.684,3.982,S1,0,6,28
D071,1,44,0,2.695,3.915,3.104,2.575,2.965,3.866,3.763,2.557,2.857,S1,1,5,48
D071,2,44,0,2.55,3.471,3.182,2.281,2.15,3.438,3.425,2.453,3.564,S2,1,7,23
D071,3,44,0,2.157,4.42,2.971,2.509,2.403,4.573,4.397,2.691,3.055,S3,0,6,52
D071,4,44,0,1.621,4.457,3.161,2.003,1.812,4.196,4.569,2.918,3.397,S4,0,6,35
D071,5,44,0,1.621,4.462,3.499,1.036,1.758,4.47,4.404,3.715,3.618,S1,0,6,34
D071,6,44,0,2.423,3.818,3.276,2.585,1.815,3.649,3.549,3.196,3.227,S2,1,3,29
D071,7,44,0,1.374,3.951,3.608,1.233,1.0,3.831,4.289,3.864,3.468,S3,0,4,28
D071,8,44,0,1.874,3.943,3.542,2.079,1.863,3.914,4.494,3.919,3.293,S4,1,7,43
D071,9,44,0,1.531,3.866,3.401,1.689,1.351,3.658,4.121,3.783,3.248,S1,1,5,39
D071,10,44,0,1.793,3.446,2.905,1.592,1.352,4.028,3.503,3.03,2.668,S2,1,5,41
D072,1,39,1,3.504,3.719,3.325,3.351,3.565,3.783,3.328,3.281,3.289,S2,1,7,46
D072,2,39,1,3.938,2.196,2.448,4.017,3.752,2.568,1.989,2.726,2.349,S3,0,6,27
D072,3,39,1,4.357,3.129,2.593,3.476,4.949,3.072,3.18,2.793,2.197,S4,1,7,54
D072,4,39,1,3.61,3.322,3.096,3.758,3.857,3.545,3.529,3.083,3.491,S1,0,5,22
D072,5,39,1,3.341,2.439,2.135,2.795,3.488,2.328,2.63,2.468,1.942,S2,0,4,60
D072,6,39,1,4.156,3.32,3.345,4.731,4.689,3.299,3.105,3.879,3.314,S3,1,5,51
D072,7,39,1,5.0,2.791,2.789,4.954,4.899,2.926,2.491,2.844,2.402,S4,0,6,23
D072,8,39,1,4.804,3.392,2.96,5.0,4.943,3.239,3.756,2.886,3.232,S1,1,6,38
D072,9,39,1,3.079,3.975,3.367,2.924,3.028,4.254,4.499,2.925,3.427,S2,0,6,45
D072,10,39,1,3.137,3.245,2.999,3.121,3.153,2.996,2.993,2.397,2.879,S3,1,5,49
D073,1,23,0,3.061,3.017,3.115,3.107,2.976,2.354,2.588,2.996,3.637,S3,0,6,54
D073,2,23,0,2.913,3.447,3.932,3.106,3.166,3.556,3.479,4.019,3.772,S4,0,5,24
D073,3,23,0,4.56,1.69,2.335,4.972,4.174,1.681,1.528,2.653,2.03,S1,0,5,45
D073,4,23,0,3.685,2.658,3.292,4.05,3.489,2.636,2.899,3.234,3.073,S2,0,7,28
D073,5,23,0,3.561,3.217,2.745,3.215,3.375,3.382,3.499,2.754,3.095,S3,1,3,46
D073,6,23,0,3.785,3.493,3.43,3.769,3.852,3.814,3.598,3.229,3.095,S4,0,6,32
D073,7,23,0,4.32,2.366,2.732,4.258,4.356,2.235,1.795,2.418,2.632,S1,0,4,29
D073,8,23,0,4.215,2.583,2.425,3.963,4.165,3.015,2.268,2.148,2.769,S2,0,7,37
D073,9,23,0,5.0,1.766,2.341,5.0,5.0,1.616,1.815,2.569,2.465,S3,1,5,22
D073,10,23,0,3.272,3.04,2.402,2.907,3.337,3.04,2.897,2.241,2.116,S4,1,6,53
D074,1,47,1,2.64,2.868,3.431,2.318,2.446,2.864,3.127,3.785,3.127,S4,1,3,58
D074,2,47,1,3.424,2.422,1.598,3.711,3.334,2.254,2.042,1.822,1.273,S1,1,6,45
D074,3,47,1,3.138,2.385,3.144,3.239,2.824,2.198,2.046,3.565,2.958,S2,1,6,55
D074,4,47,1,2.957,2.887,3.123,2.888,3.343,2.855,3.258,3.546,3.76,S3,0,5,51
D074,5,47,1,2.598,2.342,2.368,2.467,3.011,2.222,2.424,2.077,2.365,S4,1,3,23
D074,6,47,1,3.516,3.725,2.544,3.473,3.714,3.818,4.201,2.418,2.871,S1,1,6,53
D074,7,47,1,3.302,3.089,2.548,2.809,3.252,3.139,3.019,2.165,2.867,S2,0,5,34
D074,8,47,1,3.029,3.358,3.249,2.465,2.923,3.222,3.721,2.916,3.54,S3,1,5,55
D074,9,47,1,2.541,3.109,3.038,2.833,2.247,3.734,3.104,3.072,3.225,S4,1,8,44
D074,10,47,1,2.718,3.338,3.716,2.996,2.929,3.632,2.769,3.903,3.902,S1,1,5,50
D075,1,25,0,4.587,3.021,3.089,4.222,4.198,2.971,2.763,3.554,2.773,S1,0,7,21
D075,2,25,0,4.224,3.751,2.719,4.367,3.848,4.055,3.801,3.109,2.929,S2,0,6,48
D075,3,25,0,4.736,3.734,2.998,4.432,4.474,4.358,3.626,2.967,3.445,S3,0,5,34
D075,4,25,0,5.0,2.586,2.253,5.0,4.664,2.532,2.765,2.122,2.362,S4,0,7,27
D075,5,25,0,4.313,2.154,1.854,4.372,3.862,2.186,1.888,1.922,2.005,S1,0,6,43
D075,6,25,0,3.137,4.068,3.75,3.346,2.951,3.976,4.021,3.982,3.297,S2,0,4,47
D075,7,25,0,2.654,3.29,2.651,2.555,2.333,3.261,3.221,3.313,2.697,S3,0,4,41
D075,8,25,0,2.742,3.361,3.907,2.59,2.652,3.636,3.352,3.727,3.999,S4,0,6,42
D075,9,25,0,3.252,3.639,3.004,3.289,3.529,3.404,4.169,3.233,2.824,S1,0,8,23
D075,10,25,0,4.033,3.746,3.578,4.094,3.996,4.083,3.91,3.403,3.603,S2,1,6,24
D076,1,22,1,2.697,3.455,3.005,2.209,2.665,3.787,3.168,2.703,2.38,S2,0,6,37
D076,2,22,1,2.36,2.85,2.993,2.719,2.639,2.948,3.092,3.096,3.134,S3,1,6,56
D076,3,22,1,2.037,3.359,3.203,2.136,2.513,2.817,3.625,3.494,3.479,S4,1,3,60
D076,4,22,1,1.762,4.159,3.617,1.381,1.386,3.746,3.933,3.982,4.133,S1,0,7,26
D076,5,22,1,1.346,3.187,4.079,1.267,1.378,2.978,2.606,4.133,4.053,S2,0,6,35
D076,6,22,1,2.236,3.407,2.921,2.53,2.001,3.305,3.667,2.469,2.669,S3,0,6,46
D076,7,22,1,2.834,3.757,3.381,2.554,2.813,4.37,3.817,3.521,3.491,S4,0,3,30
D076,8,22,1,1.446,3.683,3.513,1.098,1.754,4.158,3.735,3.851,3.463,S1,1,6,59
D076,9,22,1,2.476,3.254,3.108,2.578,2.373,3.318,3.311,3.186,2.906,S2,1,5,39
D076,10,22,1,2.367,2.602,2.182,2.346,2.936,2.44,3.007,2.241,2.265,S3,1,5,39
D077,1,31,0,3.108,3.48,3.019,2.69,3.143,3.683,3.516,3.024,3.277,S3,1,4,59
D077,2,31,0,3.325,2.594,2.54,3.497,3.628,2.037,2.802,2.375,2.141,S4,0,7,41
D077,3,31,0,3.877,2.248,3.314,4.307,4.186,1.939,2.539,3.508,2.83,S1,0,5,25
D077,4,31,0,4.615,1.939,2.814,4.473,4.824,1.419,2.213,2.824,2.931,S2,1,5,59
D077,5,31,0,3.651,3.09,3.388,3.52,3.382,3.209,3.265,3.299,4.059,S3,1,6,42
D077,6,31,0,3.096,3.594,3.465,3.152,3.455,3.339,3.819,3.5,3.417,S4,0,6,51
D077,7,31,0,3.0,3.001,2.489,3.067,2.847,3.499,2.521,2.895,2.478,S1,0,6,58
D077,8,31,0,2.858,3.177,3.614,2.893,3.083,2.309,3.68,3.947,4.018,S2,0,7,49
D077,9,31,0,3.392,2.884,3.124,3.573,3.691,2.778,2.516,2.633,2.919,S3,0,2,35
D077,10,31,0,3.414,2.937,2.744,3.918,3.082,2.885,2.979,2.791,2.511,S4,0,6,58
D078,1,39,1,3.11,3.264,3.908,2.922,2.873,3.409,2.99,4.085,3.653,S4,0,5,36
D078,2,39,1,2.568,3.263,3.025,2.751,2.188,3.057,3.562,3.152,2.716,S1,1,6,35
D078,3,39,1,4.022,2.888,3.013,4.309,4.066,2.781,3.436,2.545,2.864,S2,1,5,60
D078,4,39,1,3.8,2.595,2.968,3.072,3.887,2.587,2.3,2.693,3.425,S3,0,7,57
D078,5,39,1,2.109,3.552,4.202,2.48,2.004,3.402,3.743,3.943,4.199,S4,0,6,26
D078,6,39,1,3.49,2.609,3.339,3.137,3.83,2.229,2.15,3.409,3.228,S1,0,6,20
D078,7,39,1,3.261,3.211,4.156,3.304,3.067,2.931,3.307,4.054,4.137,S2,0,6,55
D078,8,39,1,3.952,2.95,2.536,4.017,4.027,2.905,2.593,2.507,2.591,S3,0,4,28
D078,9,39,1,3.635,2.793,3.029,3.422,3.895,2.987,2.664,3.019,3.168,S4,0,6,25
D078,10,39,1,2.857,3.525,3.91,3.076,3.138,3.879,3.713,4.103,3.523,S1,1,4,25
D079,1,42,0,3.062,2.85,3.438,3.165,3.57,2.485,2.61,3.168,3.836,S1,0,5,59
D079,2,42,0,2.906,1.966,3.107,3.028,3.519,1.901,1.819,2.915,2.929,S2,1,6,39
D079,3,42,0,2.685,2.32,2.619,2.549,2.236,1.804,2.572,2.299,2.41,S3,1,1,58
D079,4,42,0,3.219,2.4,2.848,3.782,3.158,2.323,2.285,2.994,3.247,S4,0,7,20
D079,5,42,0,4.377,1.0,2.4,4.168,4.692,1.0,1.05,2.154,2.61,S1,0,6,55
D079,6,42,0,3.302,2.1,3.187,3.305,2.589,2.449,2.003,3.423,3.053,S2,0,8,28
D079,7,42,0,3.998,1.568,2.777,3.689,4.009,1.277,1.102,2.726,2.728,S3,0,2,22
D079,8,42,0,3.259,2.138,2.547,3.353,3.475,1.961,2.517,2.314,2.243,S4,0,7,31
D079,9,42,0,4.203,1.0,2.476,4.421,3.911,1.0,1.0,2.528,2.451,S1,1,7,57
D079,10,42,0,3.91,1.824,2.705,4.047,4.203,2.179,1.927,2.568,2.646,S2,0,6,54
D080,1,54,1,3.564,2.841,1.682,3.497,3.564,2.922,2.723,1.383,1.031,S2,0,5,25
D080,2,54,1,3.783,4.04,3.223,3.81,3.454,4.024,4.457,3.047,3.492,S3,0,7,26
D080,3,54,1,4.824,2.501,2.774,4.719,4.421,2.183,2.799,3.028,2.436,S4,0,6,32
D080,4,54,1,4.197,3.066,2.902,4.512,4.418,2.892,3.069,2.954,3.387,S1,0,5,28
D080,5,54,1,3.791,4.202,4.338,4.005,4.296,4.358,4.409,3.785,3.988,S2,0,2,51
D080,6,54,1,3.198,3.409,3.606,3.843,2.994,3.35,2.84,3.394,3.2,S3,1,5,39
D080,7,54,1,4.431,3.15,2.549,4.526,4.596,2.4,3.2,2.849,1.852,S4,0,6,47
D080,8,54,1,2.838,3.428,2.465,3.171,2.503,3.546,3.519,2.408,2.423,S1,0,6,21
D080,9,54,1,3.775,2.842,2.67,3.677,4.015,3.083,2.669,2.585,2.777,S2,0,3,31
D080,10,54,1,3.467,3.61,3.602,3.255,3.131,3.635,3.679,3.745,3.625,S3,0,5,34
