subject_id,age,group,x1,y1,x_t1_i1,x_t1_i2,x_t1_i3,y_t1_i1,y_t1_i2,y_t1_i3,x2,y2,x_t2_i1,x_t2_i2,x_t2_i3,y_t2_i1,y_t2_i2,y_t2_i3,x3,y3,x_t3_i1,x_t3_i2,x_t3_i3,y_t3_i1,y_t3_i2,y_t3_i3,x4,y4,x_t4_i1,x_t4_i2,x_t4_i3,y_t4_i1,y_t4_i2,y_t4_i3,x5,y5,x_t5_i1,x_t5_i2,x_t5_i3,y_t5_i1,y_t5_i2,y_t5_i3
P001,49,control,4.173,1.724,4.241,3.935,4.344,1.358,2.086,1.728,3.832,2.174,3.708,3.97,3.817,2.492,1.864,2.165,3.889,2.855,3.918,3.947,3.801,3.039,2.815,2.71,3.192,3.171,3.024,3.136,3.416,3.118,3.34,3.055,2.306,1.655,2.564,2.26,2.094,1.569,1.651,1.744
P002,52,intervention,2.942,2.248,2.537,3.244,3.045,2.473,2.256,2.015,3.031,1.757,2.97,3.115,3.008,2.116,1.748,1.406,4.044,2.24,4.001,4.098,4.033,2.217,2.575,1.928,3.066,3.047,3.217,2.932,3.05,2.898,2.908,3.336,2.766,3.489,2.804,2.932,2.561,3.756,3.242,3.47
P003,23,control,2.331,3.534,2.023,2.565,2.404,3.554,3.503,3.546,3.328,3.182,3.357,3.599,3.027,3.53,2.593,3.423,2.96,3.659,3.005,2.848,3.027,3.109,3.809,4.058,2.99,3.382,2.93,2.827,3.214,3.569,3.0,3.578,3.217,3.397,3.163,3.243,3.246,3.402,3.547,3.243
P004,50,intervention,3.379,3.224,3.507,3.638,2.993,2.951,3.238,3.482,2.908,3.4,2.645,3.137,2.942,3.426,3.225,3.549,3.875,3.19,3.873,3.936,3.816,3.144,3.313,3.112,4.458,2.482,4.617,4.454,4.303,2.673,2.354,2.419,4.536,2.977,4.748,4.275,4.585,2.756,3.25,2.924
P005,33,control,1.29,3.212,1.156,1.128,1.586,3.337,3.245,3.053,2.051,3.306,1.664,2.046,2.444,3.267,3.267,3.383,3.562,3.045,3.411,3.881,3.393,3.168,3.076,2.891,4.294,3.518,4.652,4.238,3.993,3.142,3.945,3.466,4.837,4.435,5.0,5.0,4.512,4.277,4.931,4.096
P006,38,intervention,2.151,2.426,2.478,1.621,2.354,2.556,2.08,2.641,1.565,2.174,1.98,1.462,1.254,2.088,1.901,2.534,1.166,2.142,1.377,1.122,1.0,1.929,2.469,2.029,1.0,1.078,1.0,1.0,1.0,1.0,1.081,1.152,1.666,1.359,1.66,1.575,1.764,1.713,1.161,1.202
P007,29,control,1.085,2.518,1.007,1.0,1.248,2.282,2.693,2.579,3.156,2.978,3.402,3.228,2.839,3.429,3.063,2.442,3.668,3.07,3.283,3.64,4.082,3.188,2.775,3.248,1.827,3.291,1.973,1.705,1.803,3.828,2.849,3.195,2.664,2.977,2.627,2.546,2.818,2.964,2.772,3.196
P008,54,intervention,3.979,3.047,3.758,4.292,3.887,2.9,3.067,3.175,3.085,4.095,3.208,3.187,2.861,3.817,3.81,4.659,1.982,3.336,1.907,2.044,1.995,3.634,3.047,3.328,2.128,3.149,2.155,2.043,2.186,3.344,3.044,3.06,3.655,4.308,3.618,3.593,3.754,4.242,4.489,4.193
P009,50,control,3.738,2.347,3.319,3.972,3.924,2.624,2.322,2.095,2.625,3.514,2.762,2.696,2.416,3.718,3.335,3.488,2.595,3.127,2.438,2.45,2.896,2.978,3.175,3.229,2.573,1.029,2.573,2.827,2.319,1.0,1.086,1.0,2.132,1.139,2.323,2.27,1.804,1.0,1.418,1.0
P010,30,intervention,2.742,3.712,2.771,2.707,2.748,3.469,4.247,3.419,4.387,3.696,4.554,4.537,4.07,3.901,3.169,4.019,3.807,3.052,3.698,3.918,3.806,3.301,2.912,2.942,3.457,2.586,3.29,3.36,3.72,2.805,2.771,2.181,3.075,3.589,3.326,2.402,3.497,3.86,3.648,3.259
P011,48,control,4.061,3.768,4.001,3.917,4.266,4.05,3.711,3.542,4.235,3.039,4.017,4.158,4.53,3.31,2.964,2.843,3.19,4.483,3.462,2.794,3.315,4.603,4.405,4.441,3.073,4.329,2.976,3.195,3.048,4.545,4.526,3.915,4.553,2.489,4.806,4.135,4.719,2.768,2.331,2.369
P012,40,intervention,2.675,4.76,2.798,2.61,2.617,4.836,4.783,4.661,2.501,4.258,2.649,2.304,2.549,4.605,3.999,4.17,3.737,4.141,3.643,3.351,4.216,4.033,4.366,4.023,3.65,3.179,3.759,3.558,3.633,2.998,3.243,3.296,2.466,4.711,2.338,2.206,2.854,4.69,4.97,4.474
P013,52,control,2.847,3.53,2.539,3.141,2.862,3.978,3.644,2.968,3.41,3.636,3.204,3.849,3.176,3.802,3.559,3.546,3.376,4.068,3.485,3.22,3.422,4.206,3.835,4.163,4.112,3.057,3.892,4.287,4.156,3.576,2.925,2.67,2.43,3.36,2.22,2.515,2.554,3.699,3.09,3.29
P014,49,intervention,2.795,3.128,3.077,2.423,2.886,3.659,2.76,2.965,2.83,3.502,2.615,3.08,2.796,3.6,3.381,3.526,2.954,2.633,2.891,2.749,3.221,2.571,2.414,2.915,2.609,2.408,2.366,2.937,2.525,2.864,2.357,2.003,2.762,3.461,2.717,2.633,2.936,2.765,3.827,3.792
P015,39,control,2.462,2.166,1.921,2.895,2.57,2.063,2.275,2.159,3.527,3.029,3.231,3.324,4.026,3.295,2.818,2.974,3.142,3.154,3.43,2.772,3.223,2.916,3.341,3.204,2.893,3.568,2.744,2.868,3.068,3.5,3.686,3.519,3.99,2.759,4.199,4.237,3.534,2.717,2.766,2.795
P016,40,intervention,2.055,2.584,1.999,1.802,2.364,2.774,2.379,2.598,2.983,2.089,3.099,3.066,2.783,1.995,2.273,1.998,2.81,2.45,2.441,3.231,2.757,2.206,2.835,2.309,2.203,2.724,2.424,2.425,1.759,2.845,2.855,2.473,3.285,2.313,3.161,3.421,3.274,2.569,1.972,2.399
P017,52,control,2.171,2.613,2.013,2.122,2.379,2.228,2.741,2.869,2.249,3.276,2.185,2.495,2.066,3.188,3.44,3.201,2.847,2.914,3.007,2.701,2.833,2.896,2.941,2.904,3.924,3.213,4.101,4.158,3.513,3.345,3.195,3.1,4.119,3.448,3.969,4.198,4.189,3.449,3.462,3.433
P018,32,intervention,1.808,2.174,2.116,1.565,1.742,2.174,2.299,2.05,2.424,2.79,2.28,2.629,2.364,2.611,2.987,2.771,2.07,1.945,2.11,1.891,2.208,1.792,2.271,1.773,1.627,2.611,1.894,1.365,1.622,2.489,2.726,2.617,2.643,2.795,2.28,2.707,2.942,2.938,2.694,2.754
P019,55,control,3.506,3.95,3.762,3.553,3.204,4.205,3.844,3.802,3.08,4.116,3.371,3.071,2.799,3.974,3.913,4.461,2.416,4.208,2.376,2.102,2.769,3.919,4.396,4.308,1.8,2.559,1.794,1.684,1.922,2.784,2.539,2.355,1.991,3.733,2.183,2.285,1.504,3.795,3.295,4.11
P020,21,intervention,4.666,4.621,4.123,4.986,4.89,4.344,4.52,5.0,4.455,4.797,4.566,4.52,4.278,4.714,4.721,4.957,4.203,4.536,4.274,4.14,4.194,4.313,4.616,4.68,3.905,4.974,4.017,4.032,3.666,5.0,4.923,5.0,3.036,4.483,2.925,3.096,3.086,4.426,4.52,4.504
P021,23,control,3.452,3.211,3.086,3.356,3.915,3.446,3.35,2.837,4.205,2.95,4.439,4.57,3.607,2.972,3.25,2.629,2.648,3.989,2.627,2.995,2.323,3.834,3.543,4.591,2.789,3.689,2.716,2.726,2.924,3.294,4.115,3.659,2.779,2.593,2.715,2.578,3.045,2.586,2.624,2.568
P022,33,intervention,2.754,3.756,2.804,2.921,2.538,3.816,3.756,3.695,3.372,4.331,3.42,3.247,3.449,4.485,4.295,4.212,3.503,4.388,3.777,3.465,3.267,4.562,4.3,4.302,4.601,2.926,4.897,4.484,4.422,2.887,3.148,2.742,4.164,2.822,4.031,4.302,4.16,2.607,2.751,3.109
P023,36,control,2.056,3.602,2.047,2.046,2.076,3.742,3.164,3.901,1.796,3.33,1.429,1.755,2.205,3.288,3.56,3.141,2.417,3.432,2.821,2.34,2.089,3.666,3.452,3.177,2.082,2.913,2.038,2.25,1.957,3.127,2.864,2.747,1.532,3.455,1.0,1.651,1.944,3.77,3.228,3.368
P024,31,intervention,3.699,3.39,3.874,3.776,3.447,3.814,3.361,2.994,3.933,3.487,4.077,4.06,3.662,3.478,3.423,3.561,3.248,3.89,3.109,3.143,3.492,3.885,3.712,4.074,3.129,3.014,3.597,3.217,2.572,3.031,3.075,2.935,2.673,3.884,2.501,2.711,2.807,3.719,3.916,4.018
P025,29,control,1.782,1.248,1.293,1.86,2.192,1.086,1.563,1.096,1.358,2.483,1.825,1.248,1.0,2.181,2.539,2.729,3.007,2.57,3.117,2.315,3.59,2.506,2.706,2.498,2.271,2.416,2.331,2.175,2.307,1.878,2.328,3.042,1.861,3.603,1.467,1.85,2.266,3.553,3.601,3.654
P026,49,intervention,2.904,2.452,2.837,2.983,2.893,2.072,2.313,2.972,1.623,3.105,1.594,2.021,1.254,2.951,3.318,3.045,3.734,3.147,3.772,3.729,3.702,3.212,3.099,3.13,3.492,3.822,3.698,3.067,3.711,3.862,3.845,3.758,3.385,3.47,3.363,3.15,3.643,3.76,3.478,3.172
P027,30,control,2.051,2.468,1.815,2.096,2.242,2.601,2.715,2.088,2.495,3.47,2.25,2.651,2.584,3.603,3.339,3.469,3.269,2.94,3.416,3.342,3.049,3.286,2.818,2.715,3.365,3.587,2.983,3.568,3.543,3.553,3.308,3.899,3.41,3.204,3.604,3.414,3.211,3.163,3.097,3.351
P028,38,intervention,3.342,3.703,3.141,3.399,3.486,3.591,4.016,3.503,3.73,3.313,3.564,3.625,4.002,3.238,3.492,3.21,3.893,3.936,3.788,4.166,3.724,4.404,3.668,3.735,3.609,4.14,3.787,3.332,3.708,4.438,3.707,4.276,3.733,3.902,3.432,4.044,3.722,3.609,3.92,4.178
P029,24,control,2.353,3.068,2.504,2.673,1.882,3.089,3.178,2.936,2.969,2.928,2.742,2.941,3.224,2.761,3.016,3.007,1.9,4.302,1.49,2.168,2.043,4.473,4.116,4.318,2.45,3.442,2.508,2.497,2.344,3.31,3.161,3.856,3.402,3.15,3.443,3.223,3.541,3.676,2.854,2.921
P030,20,intervention,2.433,4.07,2.518,2.38,2.402,3.929,3.978,4.302,2.889,3.421,3.257,2.876,2.534,3.388,3.457,3.419,2.959,3.112,2.887,2.87,3.121,3.282,3.003,3.05,2.912,3.881,3.105,2.689,2.941,3.957,3.908,3.777,3.021,4.225,2.866,3.381,2.816,4.66,4.1,3.916
P031,44,control,3.914,2.05,4.11,3.393,4.24,2.183,2.051,1.915,3.887,2.66,4.142,3.689,3.831,2.644,2.816,2.519,3.658,3.328,3.691,3.66,3.623,3.21,3.177,3.597,3.453,4.169,3.249,3.656,3.455,4.011,4.256,4.241,4.467,3.9,4.533,4.218,4.651,3.919,4.04,3.74
P032,22,intervention,2.689,3.156,3.124,2.606,2.338,3.103,3.461,2.903,2.969,3.232,2.488,2.759,3.659,3.291,3.178,3.226,2.066,4.292,1.844,2.079,2.275,3.973,4.418,4.485,2.303,3.203,2.272,2.543,2.095,3.242,3.51,2.857,1.517,2.925,1.716,1.422,1.413,3.226,2.599,2.95
P033,38,control,4.603,2.71,4.467,4.343,5.0,2.844,2.696,2.591,3.354,2.446,3.116,3.305,3.64,2.466,2.625,2.248,3.197,2.205,3.156,3.16,3.275,2.193,2.093,2.33,2.498,1.581,2.644,2.663,2.187,1.634,1.322,1.788,2.96,2.695,3.024,2.883,2.974,2.712,2.509,2.863
P034,43,intervention,2.863,3.914,2.719,2.706,3.164,3.977,3.778,3.987,3.562,4.232,3.551,3.506,3.628,3.959,4.515,4.222,2.145,4.362,1.96,2.317,2.158,4.299,4.347,4.44,2.884,3.622,3.368,2.488,2.797,3.174,4.282,3.41,1.834,4.258,2.111,1.614,1.776,3.874,4.88,4.019
P035,24,control,2.169,3.087,2.042,2.039,2.425,3.115,3.028,3.117,2.871,1.773,2.705,3.169,2.739,2.22,1.7,1.4,2.557,2.712,2.78,2.534,2.356,2.671,2.326,3.138,3.301,2.916,3.389,3.173,3.342,2.794,2.952,3.003,3.44,3.476,3.344,3.123,3.852,3.593,3.705,3.129
P036,52,intervention,2.523,3.355,2.497,2.473,2.599,3.507,3.358,3.201,3.47,3.631,3.757,3.468,3.186,3.435,3.745,3.714,3.23,4.409,2.957,3.261,3.471,4.484,4.524,4.22,3.18,4.955,3.263,2.544,3.733,5.0,4.927,4.938,2.544,4.078,2.22,2.891,2.522,4.018,4.304,3.911
P037,34,control,2.596,2.977,2.614,2.458,2.716,3.004,2.922,3.006,3.549,1.616,4.233,3.132,3.283,1.412,1.471,1.966,4.241,2.436,4.505,4.151,4.068,2.268,2.3,2.741,2.343,3.147,2.568,1.993,2.469,3.33,3.293,2.818,3.853,2.656,3.406,3.816,4.338,2.625,2.525,2.818
P038,34,intervention,2.376,3.654,2.124,2.531,2.472,3.731,3.613,3.618,3.826,4.246,3.591,4.166,3.72,4.264,4.379,4.094,3.333,4.847,3.564,3.226,3.21,4.681,4.861,5.0,4.165,3.979,4.029,4.257,4.208,4.032,3.859,4.045,3.148,3.981,3.465,3.293,2.687,4.035,3.686,4.223
P039,54,control,1.854,3.389,1.492,2.074,1.995,3.418,3.77,2.978,2.957,3.198,2.864,2.904,3.102,3.017,3.237,3.341,4.13,4.684,4.344,4.1,3.947,4.386,4.666,5.0,3.405,3.37,3.55,3.519,3.146,3.324,3.447,3.34,3.772,4.672,3.595,3.963,3.757,4.467,4.921,4.629
P040,25,intervention,3.281,3.05,3.298,3.334,3.211,2.818,2.856,3.475,2.272,2.746,2.21,2.295,2.31,2.644,2.587,3.007,2.822,3.167,2.513,2.941,3.013,3.222,3.28,3.0,2.984,3.377,3.016,2.924,3.012,3.233,3.694,3.203,2.548,3.837,2.608,2.41,2.627,3.768,3.765,3.977
P041,35,control,1.712,2.838,1.648,2.007,1.481,3.141,2.718,2.656,2.358,1.25,2.09,2.524,2.461,1.638,1.0,1.112,2.217,2.257,2.563,1.56,2.527,2.558,2.017,2.196,3.01,3.74,2.773,2.929,3.327,3.481,3.691,4.049,2.891,3.885,2.865,2.694,3.114,4.147,3.758,3.75
P042,24,intervention,3.832,3.3,4.384,4.053,3.059,3.273,3.522,3.105,2.362,3.827,2.027,2.702,2.357,4.008,3.944,3.53,4.269,3.36,4.415,4.555,3.838,3.352,3.568,3.161,3.563,3.707,3.107,3.836,3.746,3.642,3.709,3.771,3.567,3.777,3.51,3.558,3.634,3.634,3.685,4.011
P043,27,control,3.786,1.898,3.854,3.574,3.931,1.792,1.729,2.172,2.704,2.406,2.966,2.815,2.33,2.091,2.701,2.426,4.061,2.632,3.857,4.363,3.964,2.654,2.737,2.506,4.5,3.521,4.724,4.32,4.455,3.655,3.465,3.444,3.291,2.982,3.159,3.374,3.34,3.016,3.005,2.925
P044,34,intervention,2.646,1.976,2.939,2.087,2.912,1.64,2.283,2.004,2.645,2.333,2.494,2.541,2.899,2.144,2.536,2.319,2.791,3.157,2.625,2.572,3.177,3.07,3.456,2.946,2.203,2.984,2.286,2.444,1.88,3.005,3.213,2.735,2.365,3.282,2.3,2.13,2.664,3.539,3.079,3.227
P045,41,control,2.522,2.065,2.539,2.612,2.414,2.247,1.815,2.132,2.148,2.592,2.5,1.974,1.971,2.41,2.785,2.581,2.431,3.149,2.802,1.941,2.55,3.459,3.312,2.675,2.328,2.92,2.231,2.436,2.316,2.72,2.975,3.064,3.055,3.634,3.733,3.082,2.35,3.273,3.547,4.082
P046,37,intervention,4.203,3.953,4.355,4.468,3.786,4.383,3.67,3.805,3.596,4.23,2.974,4.062,3.751,3.979,4.091,4.62,3.403,2.846,3.147,3.605,3.457,3.134,3.017,2.388,2.423,2.566,2.32,2.611,2.339,3.035,2.44,2.222,3.658,2.944,3.917,3.188,3.87,2.702,2.709,3.421
P047,27,control,3.934,3.307,4.329,3.83,3.643,3.015,3.702,3.205,4.4,2.998,4.143,4.764,4.294,2.834,3.14,3.019,3.615,3.285,3.523,3.546,3.776,3.184,3.23,3.442,2.726,3.519,2.631,2.971,2.576,3.543,3.75,3.264,2.604,2.706,2.604,2.363,2.844,2.853,2.467,2.799
P048,29,intervention,2.376,3.917,2.626,2.249,2.253,3.987,3.792,3.971,3.45,3.519,2.718,3.83,3.803,3.287,3.496,3.773,4.399,2.664,4.751,4.329,4.118,2.529,2.874,2.588,2.853,2.996,2.734,2.931,2.894,3.075,2.985,2.927,3.746,3.949,3.831,3.965,3.442,3.775,3.981,4.091
P049,30,control,4.512,3.531,4.48,4.384,4.671,3.389,3.708,3.497,3.869,3.802,3.695,4.044,3.869,4.098,3.543,3.766,3.647,2.567,3.437,3.729,3.774,2.599,2.487,2.616,3.612,2.825,3.544,3.948,3.343,3.212,2.726,2.538,3.404,3.989,2.927,3.276,4.008,3.981,4.142,3.845
P050,21,intervention,2.965,2.208,3.151,2.897,2.847,2.28,2.257,2.087,2.26,3.016,2.322,2.294,2.165,3.134,2.981,2.933,2.964,1.898,2.975,3.084,2.833,1.444,1.93,2.319,2.886,3.829,2.976,2.918,2.764,4.068,3.712,3.706,1.943,3.266,1.57,2.333,1.925,3.497,3.096,3.204
P051,22,control,2.476,4.531,2.488,2.706,2.235,4.5,4.728,4.366,3.917,2.801,3.803,3.713,4.236,3.026,2.398,2.98,3.864,2.415,4.275,3.518,3.798,2.751,2.286,2.209,3.264,2.862,3.432,2.957,3.402,2.712,3.046,2.828,3.674,3.482,3.63,4.2,3.193,3.471,3.656,3.32
P052,42,intervention,2.975,2.985,2.988,3.042,2.894,2.79,3.143,3.022,3.403,3.203,3.332,2.993,3.884,3.01,3.352,3.248,2.186,3.509,1.965,2.418,2.175,3.597,3.363,3.567,2.224,4.027,2.667,2.067,1.938,4.004,4.08,3.997,3.44,4.22,3.301,3.574,3.446,3.866,4.455,4.338
P053,52,control,3.225,2.475,3.443,3.066,3.167,2.623,2.127,2.674,3.829,2.096,3.754,3.911,3.821,2.108,2.579,1.601,3.984,1.576,4.305,3.669,3.977,1.18,1.809,1.74,3.017,1.637,3.009,2.874,3.169,1.769,1.737,1.404,2.945,2.357,2.861,2.738,3.236,2.652,2.402,2.018
P054,39,intervention,2.152,3.131,1.987,2.151,2.319,3.121,3.239,3.033,2.788,3.484,2.67,2.978,2.716,3.659,3.392,3.4,3.089,3.772,3.423,2.929,2.915,3.567,3.993,3.757,4.757,3.246,4.68,4.633,4.957,3.262,3.398,3.079,4.404,3.104,4.497,4.359,4.355,3.379,2.7,3.232
P055,37,control,2.267,4.279,2.431,2.428,1.943,4.476,3.775,4.586,3.226,3.557,2.977,3.569,3.132,3.672,3.635,3.365,3.526,3.082,3.218,3.847,3.512,3.353,2.936,2.957,2.954,2.46,2.758,2.882,3.223,2.221,2.524,2.636,3.542,1.977,4.072,3.176,3.379,2.035,1.732,2.164
P056,52,intervention,2.45,2.666,2.379,2.772,2.198,2.413,2.874,2.712,2.945,2.372,2.89,2.837,3.107,2.641,2.203,2.273,2.44,1.837,2.396,2.475,2.448,2.369,1.459,1.682,4.254,2.616,4.16,4.257,4.344,2.482,2.293,3.074,4.568,3.434,4.695,4.804,4.206,3.193,3.684,3.425
P057,50,control,2.851,3.907,2.899,2.874,2.781,4.21,4.043,3.467,2.996,4.442,3.01,2.812,3.167,4.659,4.338,4.328,3.994,4.038,4.111,3.747,4.125,4.385,4.05,3.678,4.631,4.248,4.516,4.697,4.681,4.605,3.708,4.43,4.884,4.54,5.0,4.752,4.899,4.607,4.267,4.746
P058,38,intervention,3.431,3.927,2.933,3.54,3.82,4.286,3.851,3.643,2.047,4.117,2.217,1.653,2.27,4.348,4.012,3.99,3.436,4.292,3.237,3.411,3.66,4.624,3.678,4.575,4.839,3.601,4.83,4.752,4.935,3.73,3.601,3.472,3.831,4.097,3.426,3.947,4.12,3.969,4.374,3.948
P059,28,control,1.907,3.562,2.304,1.695,1.721,3.687,3.732,3.268,2.628,3.211,2.928,2.682,2.275,3.229,3.605,2.798,2.392,2.697,2.221,2.447,2.509,2.52,2.169,3.402,2.886,2.39,2.965,2.879,2.815,2.631,2.274,2.266,1.874,3.504,1.848,2.03,1.743,3.718,3.367,3.428
P060,30,intervention,2.326,2.681,2.491,2.29,2.198,2.657,2.59,2.795,2.52,2.799,2.678,2.729,2.154,2.908,2.849,2.641,3.834,2.031,4.008,3.838,3.657,2.152,1.82,2.122,3.008,3.968,3.037,2.925,3.062,3.631,4.212,4.062,3.094,4.778,3.384,2.852,3.046,4.39,4.945,5.0
P061,50,control,2.377,4.409,2.046,3.105,1.98,4.722,3.814,4.69,2.443,4.112,2.427,2.338,2.563,4.292,4.019,4.026,3.416,3.372,3.425,3.379,3.444,3.294,3.368,3.454,3.21,3.516,3.142,3.314,3.174,3.473,3.687,3.387,2.753,4.672,2.53,3.078,2.651,4.567,4.815,4.635
P062,53,intervention,2.911,1.124,2.932,2.602,3.198,1.326,1.0,1.046,3.172,1.95,3.386,3.306,2.823,1.881,2.137,1.832,3.926,3.076,4.086,3.861,3.83,3.067,3.15,3.011,2.845,3.686,2.87,2.893,2.772,4.329,3.438,3.29,3.711,1.847,3.814,3.837,3.483,1.815,1.594,2.131
P063,30,control,4.091,2.48,3.779,4.513,3.98,2.543,2.435,2.461,4.067,2.466,4.225,3.701,4.276,2.298,2.393,2.707,4.312,3.898,4.452,4.278,4.206,3.605,3.978,4.111,3.401,3.784,3.424,3.43,3.348,3.513,4.087,3.751,2.534,3.693,2.537,2.855,2.21,3.71,4.095,3.273
P064,48,intervention,3.122,3.865,3.351,3.014,3.001,4.079,3.842,3.673,3.487,2.875,3.578,3.384,3.499,2.678,2.83,3.118,3.501,3.492,3.406,3.186,3.911,3.39,3.323,3.762,3.723,3.606,3.573,3.908,3.689,3.812,2.996,4.01,4.158,3.251,4.292,3.801,4.382,3.444,3.238,3.07
P065,26,control,3.676,3.435,3.587,3.753,3.689,3.41,3.254,3.641,3.416,3.952,3.613,3.276,3.359,3.763,3.779,4.313,3.919,2.821,3.911,3.816,4.031,2.777,3.003,2.684,4.205,3.392,4.206,4.408,4.001,3.038,3.328,3.81,3.522,3.061,3.664,3.7,3.201,3.403,2.721,3.059
P066,34,intervention,2.24,3.925,2.421,2.057,2.241,4.002,3.974,3.799,2.856,2.812,3.087,2.678,2.804,3.208,2.85,2.378,3.379,2.752,3.046,3.69,3.402,2.623,2.69,2.944,3.069,3.54,3.212,2.849,3.145,3.678,3.681,3.261,2.859,4.187,2.714,3.127,2.736,4.002,4.425,4.135
P067,24,control,2.805,4.328,3.271,2.51,2.635,4.503,4.557,3.924,4.565,3.716,4.264,4.862,4.57,3.599,3.79,3.759,4.886,3.591,4.657,5.0,5.0,3.226,3.855,3.692,4.723,4.711,5.0,4.649,4.521,4.864,4.976,4.294,4.97,3.354,5.0,5.0,4.91,3.652,3.192,3.218
P068,39,intervention,2.834,4.873,3.027,2.593,2.883,4.751,4.869,5.0,3.505,5.0,3.719,3.621,3.176,5.0,5.0,5.0,2.835,3.547,2.801,2.613,3.092,3.538,3.639,3.464,2.903,3.865,2.714,3.137,2.859,3.981,3.727,3.887,3.703,2.357,3.984,3.977,3.147,2.483,2.317,2.271
P069,20,control,4.468,2.32,4.297,4.299,4.808,2.553,2.207,2.201,4.137,3.595,4.728,3.856,3.827,3.624,3.572,3.589,3.454,2.854,4.017,3.407,2.939,3.419,2.671,2.473,4.221,3.16,4.499,4.096,4.067,3.036,3.378,3.065,4.954,3.623,4.863,5.0,5.0,3.954,3.517,3.397
P070,27,intervention,4.234,4.238,4.154,4.399,4.15,3.891,4.157,4.666,4.241,4.06,4.647,4.041,4.035,3.632,4.446,4.103,4.536,4.86,4.642,4.147,4.819,4.627,5.0,4.954,3.431,4.394,3.507,3.506,3.281,4.171,4.7,4.31,3.858,4.277,3.862,3.768,3.944,4.185,4.421,4.224
P071,45,control,2.876,2.671,3.027,3.336,2.265,2.856,2.358,2.798,3.108,1.96,2.983,3.223,3.117,2.018,1.576,2.287,2.819,3.792,3.131,2.579,2.748,3.899,3.75,3.726,2.746,3.903,2.754,2.719,2.764,3.587,3.921,4.202,3.242,3.827,3.023,3.538,3.164,3.766,3.935,3.779
P072,27,intervention,1.494,2.333,1.438,1.73,1.315,2.596,2.254,2.15,1.763,2.33,1.774,1.757,1.759,2.062,2.479,2.45,2.031,1.96,1.772,2.157,2.164,2.046,1.561,2.272,3.04,2.332,3.032,3.371,2.717,2.14,2.592,2.265,2.87,1.872,3.028,2.824,2.758,1.56,2.336,1.721
P073,27,control,2.955,2.085,3.0,2.533,3.332,1.837,2.189,2.23,2.953,2.492,2.958,2.842,3.059,2.453,2.504,2.518,2.945,2.428,3.07,2.769,2.995,2.582,2.506,2.197,2.931,2.571,2.737,2.953,3.104,2.556,2.57,2.588,2.394,2.964,2.342,2.605,2.236,2.78,2.861,3.252
P074,42,intervention,3.001,2.707,3.187,2.887,2.928,2.67,2.493,2.959,2.225,2.103,2.242,1.971,2.462,1.638,2.343,2.327,3.03,2.395,2.998,3.716,2.377,2.301,2.225,2.658,2.428,2.657,2.742,2.237,2.305,2.267,2.862,2.843,2.862,3.028,2.89,3.056,2.641,2.812,2.785,3.487
P075,35,control,3.169,3.458,3.209,3.046,3.253,3.267,3.453,3.654,3.553,4.07,3.723,2.99,3.947,3.874,4.178,4.157,3.117,3.83,3.505,2.668,3.179,3.771,3.792,3.926,2.684,3.896,2.328,2.335,3.39,3.445,4.176,4.067,2.979,3.271,2.887,3.406,2.643,3.42,2.942,3.451
P076,50,intervention,2.758,3.278,2.845,2.905,2.523,3.153,3.323,3.359,3.709,2.374,3.818,3.567,3.742,2.362,1.935,2.824,2.855,2.053,2.89,2.821,2.855,2.408,2.469,1.281,2.93,2.972,2.732,3.106,2.953,3.208,2.912,2.796,3.398,2.415,3.542,3.081,3.57,2.735,2.333,2.177
P077,39,control,2.142,2.453,2.306,2.027,2.093,2.579,2.291,2.488,2.496,2.527,2.705,2.185,2.597,2.347,2.645,2.589,2.575,2.382,2.584,2.322,2.819,2.387,2.094,2.664,2.809,3.319,3.146,2.499,2.781,3.17,3.699,3.087,3.109,3.644,2.837,3.397,3.094,3.509,3.733,3.691
P078,52,intervention,2.774,2.088,2.832,3.031,2.459,2.154,2.205,1.906,3.076,3.138,2.931,3.015,3.282,2.739,2.765,3.911,2.921,3.351,2.803,3.097,2.864,2.976,3.585,3.491,3.69,4.425,3.857,3.804,3.41,4.402,4.705,4.169,3.289,3.519,3.376,3.059,3.433,3.459,3.615,3.482
P079,43,control,3.063,2.262,2.688,3.266,3.234,2.302,2.541,1.944,3.365,2.553,3.692,3.539,2.863,2.104,2.457,3.097,3.166,1.907,3.078,2.943,3.476,2.177,1.495,2.05,2.396,3.264,2.281,2.289,2.617,3.072,3.206,3.513,2.555,3.009,2.294,2.482,2.888,3.256,2.71,3.062
P080,37,intervention,3.938,3.683,3.698,4.111,4.006,3.742,3.789,3.519,3.376,3.926,3.634,3.428,3.066,4.044,4.158,3.576,3.335,3.796,3.317,3.294,3.394,3.692,3.871,3.824,3.152,3.531,3.032,3.379,3.046,3.657,3.278,3.657,3.701,4.215,3.88,3.809,3.413,3.885,4.139,4.622
P081,44,control,1.472,3.701,1.591,1.453,1.371,3.425,3.722,3.955,3.026,2.944,3.087,2.797,3.195,2.873,3.154,2.805,3.314,3.212,3.453,3.019,3.47,3.297,3.225,3.114,3.521,3.116,3.701,3.494,3.369,2.739,3.763,2.846,3.5,1.894,3.419,3.266,3.815,1.654,2.512,1.516
P082,31,intervention,4.778,1.032,4.359,5.0,4.976,1.0,1.0,1.095,3.404,2.468,3.657,3.364,3.19,2.869,2.058,2.476,3.212,2.494,2.984,3.367,3.285,2.849,1.867,2.765,2.925,2.804,3.011,3.213,2.552,2.676,3.147,2.59,3.408,2.034,3.366,3.422,3.435,2.314,1.88,1.909
P083,37,control,1.963,5.0,2.354,1.771,1.765,5.0,5.0,5.0,2.995,3.606,2.835,3.045,3.104,3.697,3.734,3.388,3.017,3.1,2.986,3.3,2.764,2.86,3.537,2.902,4.375,3.114,4.201,4.296,4.628,3.217,2.695,3.429,3.061,3.743,3.002,3.03,3.15,3.901,3.878,3.449
P084,33,intervention,2.405,1.044,2.466,2.254,2.494,1.0,1.0,1.131,3.579,1.0,3.556,3.894,3.286,1.0,1.0,1.0,3.39,2.09,3.011,3.583,3.576,2.231,2.167,1.872,3.152,3.091,3.636,2.97,2.851,2.773,3.127,3.374,3.002,2.844,2.858,3.163,2.985,2.781,3.067,2.683
P085,47,control,3.898,3.604,4.096,3.923,3.674,3.841,3.269,3.701,2.974,3.271,3.135,3.115,2.671,3.56,2.837,3.415,3.454,2.85,3.672,3.323,3.367,3.059,2.416,3.076,3.654,2.813,3.869,3.434,3.658,2.826,2.656,2.956,3.858,2.809,3.304,4.378,3.891,2.849,2.855,2.723
P086,25,intervention,3.272,5.0,3.855,2.923,3.038,5.0,5.0,5.0,3.257,4.864,3.4,3.263,3.107,5.0,4.732,4.859,3.063,4.315,2.798,3.08,3.311,4.15,4.147,4.649,4.378,4.68,4.088,4.807,4.239,4.573,4.703,4.763,3.329,4.037,3.04,3.499,3.447,3.996,4.373,3.742
P087,39,control,2.867,1.294,3.207,2.771,2.624,1.533,1.146,1.203,2.656,2.341,2.437,2.941,2.59,2.633,1.996,2.393,3.031,2.389,3.189,2.87,3.035,2.514,2.211,2.443,2.39,3.526,2.412,2.7,2.057,3.374,3.828,3.375,4.323,2.47,3.939,4.55,4.481,2.242,2.513,2.655
P088,28,intervention,2.841,2.57,2.592,3.053,2.877,2.62,2.662,2.429,3.038,2.548,3.373,2.711,3.031,2.6,2.346,2.697,3.712,2.552,3.897,3.82,3.419,2.869,2.134,2.653,3.193,3.322,3.334,3.658,2.587,3.329,2.914,3.724,3.886,4.107,3.969,3.558,4.131,4.15,3.922,4.249
P089,51,control,3.652,2.084,3.776,3.299,3.88,2.306,1.795,2.152,3.65,3.327,3.572,3.791,3.586,3.057,3.538,3.386,3.413,2.159,3.147,3.277,3.816,1.874,2.375,2.228,3.47,2.398,3.549,3.374,3.486,2.414,2.778,2.003,3.163,3.435,3.283,2.967,3.238,4.006,3.253,3.047
P090,45,intervention,3.446,2.275,3.583,3.289,3.466,2.528,2.228,2.069,2.864,2.932,3.046,2.841,2.704,3.245,3.225,2.325,3.537,3.264,3.569,3.604,3.438,3.846,2.985,2.962,3.499,2.687,3.465,3.758,3.273,2.147,2.982,2.933,3.415,2.883,3.506,3.587,3.151,2.827,2.797,3.026
P091,29,control,4.152,1.8,4.698,3.934,3.824,2.247,1.383,1.769,4.321,2.755,4.122,4.407,4.433,2.653,3.02,2.591,3.672,3.182,3.572,3.882,3.562,3.085,3.449,3.012,3.135,3.693,3.337,3.208,2.859,3.501,3.64,3.937,3.621,3.699,3.51,3.56,3.794,3.63,3.754,3.714
P092,44,intervention,4.991,4.173,4.974,5.0,5.0,4.152,4.317,4.051,3.661,4.147,3.428,4.153,3.403,4.317,4.303,3.82,4.233,4.528,4.287,4.374,4.038,4.556,4.138,4.891,3.473,3.696,3.614,2.972,3.832,3.342,4.058,3.687,4.498,2.268,4.869,3.935,4.69,2.17,2.449,2.185
P093,34,control,1.8,3.442,1.882,1.591,1.926,3.646,3.489,3.19,1.665,3.075,1.697,1.698,1.601,2.896,2.939,3.389,2.856,3.354,3.058,2.671,2.838,3.397,3.533,3.133,2.634,3.347,2.596,2.375,2.931,3.13,3.295,3.616,2.867,3.818,2.704,3.0,2.896,3.618,3.727,4.108
P094,51,intervention,4.052,3.963,3.937,4.016,4.204,3.918,4.028,3.942,4.329,3.745,4.027,4.769,4.192,3.54,3.829,3.867,3.956,4.407,3.598,3.964,4.305,3.94,4.64,4.642,3.01,4.706,3.283,2.918,2.828,4.356,4.983,4.779,4.459,4.718,4.42,4.606,4.351,4.864,5.0,4.29
P095,34,control,3.476,2.377,3.285,3.714,3.43,2.133,2.325,2.673,3.369,3.481,3.458,3.141,3.508,3.786,3.437,3.221,2.581,3.193,2.771,2.703,2.269,3.678,2.876,3.026,2.6,3.718,2.784,2.542,2.475,4.138,3.279,3.736,2.53,3.503,2.482,2.828,2.281,3.659,3.32,3.529
P096,50,intervention,1.902,2.274,1.965,1.589,2.151,2.188,2.652,1.983,2.444,2.325,2.184,2.74,2.408,2.539,1.834,2.601,3.393,1.966,3.362,3.563,3.254,1.996,1.866,2.036,3.122,2.061,3.139,3.324,2.904,1.828,1.943,2.411,2.318,3.216,1.967,2.119,2.868,2.94,3.26,3.449
P097,31,control,3.368,4.863,3.202,3.431,3.47,4.589,5.0,5.0,3.721,4.634,3.711,4.012,3.441,4.72,4.447,4.735,4.727,3.758,4.8,4.577,4.804,3.486,3.718,4.07,4.624,4.058,4.736,4.608,4.529,3.806,3.855,4.514,4.602,3.655,4.486,4.666,4.655,3.226,3.857,3.882
P098,52,intervention,3.325,2.744,3.097,3.327,3.552,2.839,2.643,2.75,4.061,3.174,4.064,3.873,4.247,3.235,3.339,2.948,4.08,1.896,4.29,3.785,4.166,1.863,2.015,1.811,4.524,3.265,4.503,4.633,4.435,3.205,3.157,3.433,4.587,2.786,4.488,4.619,4.655,2.305,3.342,2.712
P099,27,control,2.601,2.687,2.596,2.751,2.455,2.76,2.672,2.628,2.707,2.393,2.705,2.579,2.838,2.556,2.217,2.405,2.419,2.353,2.381,2.598,2.277,2.674,1.76,2.626,2.584,2.371,2.582,2.602,2.568,2.374,2.209,2.529,2.204,2.565,1.915,2.047,2.651,2.495,2.421,2.78
P100,22,intervention,3.049,2.461,3.181,2.994,2.971,2.202,2.552,2.63,2.743,2.685,2.376,2.736,3.116,2.985,2.505,2.566,2.402,2.816,2.612,2.272,2.321,2.898,2.699,2.85,3.129,2.531,2.9,3.027,3.46,2.706,2.344,2.544,2.632,3.453,2.635,2.523,2.738,3.815,3.429,3.116
P101,40,control,4.617,3.486,4.603,4.708,4.54,3.434,3.475,3.548,4.297,2.506,4.171,4.429,4.292,2.125,2.975,2.418,3.666,2.707,3.554,3.776,3.668,2.393,2.853,2.874,3.409,3.373,3.088,4.009,3.13,3.192,3.611,3.317,3.415,3.856,3.148,3.855,3.241,4.047,3.918,3.604
P102,55,intervention,3.764,2.324,3.869,3.596,3.827,1.989,2.192,2.792,3.662,2.582,3.438,4.003,3.544,2.748,2.436,2.561,4.449,3.216,4.061,4.583,4.704,3.164,3.007,3.476,3.31,3.254,3.64,3.326,2.964,3.007,3.405,3.35,3.445,3.477,3.822,3.475,3.039,3.142,3.898,3.391
P103,48,control,3.273,2.64,2.9,3.498,3.421,2.524,2.467,2.93,3.147,3.551,3.084,3.356,3.002,3.501,3.577,3.576,2.752,2.851,2.502,2.872,2.883,2.85,3.02,2.682,2.752,3.464,2.576,2.719,2.962,3.315,3.35,3.727,3.326,4.306,3.143,3.586,3.25,4.702,4.319,3.897
P104,34,intervention,2.009,3.161,1.843,2.306,1.877,3.239,3.021,3.224,2.984,3.547,3.084,2.715,3.154,3.612,3.203,3.827,1.821,3.971,1.969,1.786,1.708,4.036,4.369,3.507,2.3,4.27,2.287,2.458,2.155,4.286,4.551,3.974,3.728,3.676,3.892,3.454,3.838,3.93,3.417,3.682
P105,53,control,4.095,2.745,4.001,4.03,4.253,2.993,2.497,2.746,3.55,1.196,3.441,3.522,3.686,1.0,1.086,1.501,2.291,2.36,2.408,2.491,1.975,2.726,2.266,2.089,2.829,2.6,2.808,2.877,2.801,2.099,2.569,3.133,3.057,2.238,2.711,3.287,3.174,2.471,2.055,2.187
P106,23,intervention,1.98,3.506,1.549,2.173,2.219,3.319,3.638,3.561,1.944,4.102,2.009,1.854,1.97,4.022,3.932,4.352,1.918,3.393,1.787,1.753,2.215,3.39,3.33,3.46,1.966,2.935,1.6,2.282,2.015,2.88,2.708,3.217,2.461,2.34,2.432,2.582,2.369,2.549,2.578,1.893
P107,47,control,2.054,3.104,1.875,2.319,1.968,3.057,3.045,3.21,3.473,3.837,3.248,3.417,3.754,3.989,4.047,3.474,2.953,4.261,2.854,3.289,2.716,4.35,4.236,4.198,3.376,2.885,3.366,3.567,3.194,2.763,3.074,2.817,3.857,3.388,4.309,3.662,3.6,3.429,3.446,3.29
P108,37,intervention,4.458,2.236,4.563,4.542,4.268,2.384,1.976,2.348,4.582,3.098,4.72,4.272,4.753,3.075,3.123,3.097,3.027,3.416,2.81,3.295,2.977,3.309,3.376,3.562,3.712,4.54,3.903,3.575,3.658,4.62,4.22,4.781,4.295,3.748,4.221,3.978,4.685,3.41,3.776,4.059
P109,32,control,1.292,3.832,1.212,1.565,1.1,4.05,3.908,3.537,2.963,4.272,3.014,2.733,3.142,4.553,4.006,4.256,3.466,3.505,3.465,3.192,3.742,3.506,3.692,3.316,2.484,4.131,2.74,2.202,2.509,3.913,4.424,4.055,3.008,3.049,3.248,2.969,2.807,3.006,3.198,2.944
P110,20,intervention,3.369,1.254,3.743,3.265,3.098,1.195,1.231,1.337,3.648,2.07,4.043,3.573,3.328,2.094,2.005,2.11,3.918,2.933,3.992,4.057,3.704,2.759,3.252,2.788,3.93,2.007,3.727,3.99,4.074,1.87,1.732,2.418,3.633,3.472,3.344,3.717,3.839,3.522,3.309,3.585
P111,28,control,1.597,2.593,1.612,1.563,1.616,2.402,2.511,2.865,2.18,1.813,2.277,2.421,1.843,1.72,1.927,1.792,2.6,1.181,2.598,2.518,2.684,1.0,1.542,1.0,1.428,2.361,1.247,1.792,1.245,2.24,2.283,2.561,1.853,2.178,1.617,1.775,2.167,2.367,2.308,1.859
P112,35,intervention,3.308,2.725,3.451,3.381,3.092,2.876,2.679,2.619,3.708,2.027,3.726,3.687,3.711,1.666,2.316,2.099,3.035,4.043,2.824,3.141,3.139,4.416,3.681,4.032,3.484,3.298,3.35,3.941,3.162,3.356,3.182,3.357,3.179,3.183,3.166,3.363,3.007,3.41,2.781,3.358
P113,48,control,2.93,3.825,2.96,2.817,3.012,3.942,4.067,3.465,2.792,2.337,2.667,2.745,2.965,2.326,2.274,2.412,3.859,2.543,3.642,3.575,4.361,2.359,2.635,2.636,2.724,2.888,2.392,2.692,3.088,3.258,2.431,2.976,1.89,2.385,1.422,2.31,1.938,1.766,2.919,2.47
P114,26,intervention,2.875,2.484,2.629,2.682,3.313,2.423,2.469,2.559,2.862,1.921,2.536,3.012,3.038,1.799,2.035,1.93,2.553,1.625,2.421,2.369,2.868,1.751,1.471,1.652,2.27,1.694,2.217,2.314,2.279,2.126,1.672,1.285,3.517,2.018,3.354,3.495,3.701,2.261,1.846,1.948
P115,27,control,2.437,3.849,1.928,3.167,2.215,4.013,3.953,3.58,1.557,3.508,1.258,2.034,1.379,3.427,3.749,3.348,2.983,3.148,2.765,3.33,2.854,3.231,2.973,3.239,3.139,2.778,2.981,2.948,3.489,2.85,2.756,2.727,3.226,3.356,2.825,3.499,3.355,2.925,3.38,3.762
P116,47,intervention,2.489,3.18,2.174,2.477,2.817,3.47,2.935,3.135,2.201,2.6,2.35,1.864,2.388,2.741,2.548,2.512,2.357,1.94,2.331,2.46,2.28,2.067,2.003,1.75,2.499,2.632,2.499,2.495,2.503,2.653,2.277,2.965,4.088,2.864,3.849,4.086,4.33,2.571,2.77,3.25
P117,26,control,2.03,3.655,2.022,1.916,2.152,3.787,3.695,3.484,1.861,3.911,1.758,1.943,1.882,3.606,3.937,4.19,2.332,3.759,2.157,3.062,1.778,3.707,3.866,3.704,3.578,4.689,3.595,3.699,3.441,4.604,4.462,5.0,3.296,5.0,3.285,3.134,3.469,5.0,5.0,5.0
P118,28,intervention,1.091,2.485,1.193,1.0,1.081,2.51,2.664,2.282,2.283,2.507,2.247,2.152,2.45,2.777,2.439,2.306,2.903,2.762,3.187,2.467,3.055,2.687,2.748,2.85,3.256,3.016,3.13,3.364,3.273,2.839,2.966,3.243,3.607,2.747,3.466,3.862,3.494,2.82,2.668,2.754
P119,43,control,2.917,2.214,2.861,3.019,2.87,2.383,2.115,2.145,2.369,1.764,2.464,2.244,2.399,1.615,2.055,1.622,3.06,1.0,3.02,2.652,3.508,1.0,1.0,1.0,1.926,1.865,2.205,1.984,1.588,1.447,2.216,1.933,2.379,3.481,2.299,2.647,2.19,3.326,3.468,3.648
P120,47,intervention,1.785,2.485,1.889,1.727,1.739,2.137,2.818,2.5,2.465,2.106,2.252,2.737,2.407,2.224,1.947,2.147,1.813,1.839,2.024,2.091,1.325,1.675,1.975,1.867,2.838,2.013,3.013,2.788,2.713,2.083,2.179,1.778,3.314,2.012,3.165,3.617,3.161,1.505,2.382,2.15
P121,26,control,3.27,2.42,3.559,3.225,3.026,2.304,2.014,2.943,3.337,4.626,3.097,3.48,3.434,4.765,4.392,4.721,4.426,4.511,4.407,4.463,4.408,4.484,4.378,4.671,3.921,4.652,3.878,4.268,3.616,4.976,4.58,4.4,4.352,4.995,4.417,4.279,4.361,5.0,4.984,5.0
P122,30,intervention,1.986,4.498,1.888,2.09,1.979,4.605,4.42,4.47,3.114,2.548,3.088,3.338,2.917,2.434,2.804,2.407,2.343,2.023,2.771,2.026,2.233,2.031,2.083,1.954,1.347,2.494,1.466,1.0,1.574,2.621,2.409,2.451,1.805,2.546,1.784,1.96,1.671,2.884,2.31,2.444
P123,26,control,2.556,2.979,3.023,2.334,2.312,2.769,3.352,2.816,1.806,2.833,1.869,1.723,1.827,2.933,2.883,2.682,2.185,3.067,2.041,2.284,2.229,2.989,2.953,3.26,2.306,3.535,2.765,1.794,2.358,3.691,3.22,3.695,3.007,4.17,2.923,2.678,3.419,4.353,4.046,4.112
P124,53,intervention,2.93,3.943,3.022,2.671,3.096,3.83,4.262,3.736,3.371,2.832,3.375,3.305,3.433,2.476,2.96,3.061,3.684,3.116,3.894,3.539,3.618,3.141,3.276,2.931,4.485,3.517,4.663,4.036,4.755,4.013,3.106,3.431,3.167,3.56,3.156,3.141,3.205,3.549,3.8,3.331
P125,52,control,1.911,3.32,1.62,2.409,1.703,3.42,3.18,3.36,2.364,2.619,2.307,2.724,2.06,2.489,2.381,2.986,2.986,2.761,3.049,2.877,3.031,2.668,2.8,2.815,3.328,2.138,2.986,3.621,3.376,2.21,2.007,2.196,3.588,2.742,3.12,3.922,3.721,3.058,2.795,2.372
P126,54,intervention,3.227,4.623,3.096,3.297,3.287,4.684,4.246,4.939,3.726,4.329,3.487,3.58,4.111,4.137,4.586,4.264,4.076,3.092,4.273,4.217,3.738,2.618,3.539,3.12,3.571,3.629,3.869,3.485,3.359,3.464,3.779,3.645,3.353,3.57,3.125,3.711,3.223,3.566,3.83,3.315
P127,24,control,3.682,4.253,3.672,3.889,3.486,4.452,3.872,4.434,2.704,3.919,2.701,2.499,2.913,3.94,4.008,3.81,3.11,3.4,3.251,3.026,3.052,3.721,3.209,3.269,2.679,4.029,2.779,2.256,3.001,3.864,4.208,4.014,2.821,2.731,3.36,2.468,2.635,2.799,2.667,2.726
P128,54,intervention,3.54,1.312,3.536,3.634,3.45,1.0,1.355,1.582,2.953,1.315,2.868,3.052,2.94,1.498,1.152,1.294,3.294,2.785,3.51,3.066,3.305,2.817,2.93,2.608,3.131,3.077,2.843,3.716,2.833,3.293,3.173,2.766,2.57,3.157,2.344,2.46,2.907,2.791,3.309,3.37
P129,29,control,2.134,3.298,2.46,2.183,1.759,3.085,3.486,3.323,2.734,4.419,3.071,2.245,2.886,4.231,4.52,4.507,3.155,3.466,3.163,3.386,2.917,3.781,3.239,3.378,3.379,3.148,3.325,3.055,3.758,3.139,2.986,3.319,3.28,3.402,3.491,2.952,3.396,3.183,3.458,3.564
P130,38,intervention,2.975,2.379,2.726,3.254,2.945,2.507,2.677,1.954,2.484,2.532,2.394,2.541,2.517,2.875,2.349,2.372,2.064,1.874,2.242,1.883,2.067,2.286,1.744,1.592,2.115,1.163,1.774,2.261,2.309,1.0,1.199,1.291,2.276,3.567,1.839,2.271,2.718,3.9,3.526,3.276
P131,22,control,3.981,3.943,4.148,4.133,3.662,3.86,4.073,3.895,3.049,4.371,2.732,3.27,3.144,4.247,4.78,4.086,4.973,2.961,5.0,5.0,4.918,2.886,2.82,3.176,4.373,3.852,4.076,4.458,4.584,3.604,4.309,3.643,5.0,3.24,5.0,5.0,5.0,3.771,2.671,3.277
P132,34,intervention,3.537,2.593,3.563,3.407,3.642,2.822,2.214,2.744,3.447,2.597,3.232,3.667,3.443,2.703,2.716,2.372,3.443,3.193,3.339,3.415,3.576,3.232,3.368,2.979,3.184,3.384,3.494,2.903,3.154,3.249,3.346,3.557,4.184,3.923,4.12,4.104,4.328,3.914,3.738,4.118
P133,34,control,3.82,4.081,3.417,3.981,4.063,4.395,4.237,3.611,3.874,3.285,4.032,3.686,3.905,3.046,3.294,3.514,3.708,4.501,3.862,3.791,3.472,4.172,4.401,4.929,4.395,4.7,4.376,4.235,4.573,4.651,5.0,4.448,4.981,4.027,5.0,4.942,5.0,3.875,4.077,4.128
P134,31,intervention,4.542,2.892,4.768,4.518,4.339,3.206,2.844,2.626,3.832,4.606,3.8,3.768,3.929,4.514,4.886,4.417,3.647,4.148,3.503,3.389,4.049,3.998,4.372,4.074,3.362,4.91,3.447,3.273,3.365,4.746,5.0,4.985,3.361,3.821,3.445,3.511,3.127,4.076,3.607,3.779
P135,54,control,3.083,1.553,2.699,3.414,3.137,1.233,1.51,1.915,2.345,2.365,2.432,2.257,2.345,2.159,2.692,2.243,2.618,1.155,2.543,2.68,2.632,1.0,1.0,1.466,2.58,2.495,2.26,2.525,2.954,2.616,2.456,2.414,2.238,3.218,2.005,2.554,2.154,3.274,3.093,3.287
P136,34,intervention,3.964,2.328,4.243,3.979,3.669,2.359,2.405,2.219,2.788,2.284,2.747,2.981,2.636,2.194,2.098,2.56,3.202,2.205,3.297,3.225,3.083,2.119,2.202,2.294,3.242,2.292,2.878,3.705,3.143,2.596,2.195,2.085,3.589,2.688,3.666,3.596,3.505,2.432,2.898,2.734
P137,48,control,2.294,3.427,2.236,2.729,1.916,3.986,3.439,2.855,2.622,4.065,2.33,2.651,2.886,3.94,4.139,4.116,2.524,4.199,2.602,2.629,2.342,4.1,4.133,4.364,2.98,3.995,2.836,3.395,2.71,4.079,4.23,3.675,3.651,3.236,3.709,3.458,3.786,3.195,3.015,3.498
P138,27,intervention,1.0,2.033,1.0,1.0,1.0,1.851,2.249,1.999,1.315,1.949,1.567,1.0,1.378,2.225,1.814,1.807,2.356,1.0,2.768,2.196,2.103,1.0,1.0,1.0,2.506,2.131,2.173,2.433,2.913,2.057,2.12,2.217,1.996,3.614,2.069,1.804,2.115,3.91,3.69,3.241
P139,41,control,1.945,2.798,1.99,2.004,1.84,2.772,2.737,2.886,3.162,3.158,3.035,3.051,3.401,3.338,3.106,3.03,3.957,3.405,3.877,3.728,4.267,3.249,3.644,3.322,4.752,3.97,4.948,4.638,4.671,3.785,3.86,4.266,4.464,4.761,4.47,4.468,4.455,4.643,5.0,4.641
P140,55,intervention,3.583,2.124,3.455,3.393,3.901,2.226,1.973,2.172,3.18,2.872,3.348,2.926,3.265,2.832,2.798,2.986,2.941,3.9,3.036,2.909,2.878,3.1,4.295,4.304,3.63,4.155,3.986,2.994,3.909,3.895,3.748,4.822,4.291,4.666,4.378,4.555,3.939,4.953,4.764,4.28
P141,54,control,2.083,3.942,1.989,2.399,1.86,3.899,3.972,3.956,3.15,2.679,3.42,2.936,3.093,2.171,3.151,2.714,2.889,4.002,2.719,2.927,3.02,3.712,4.039,4.254,3.081,3.975,2.81,3.056,3.378,3.938,3.557,4.429,3.472,3.735,3.788,3.371,3.257,3.976,3.585,3.645
P142,37,intervention,2.81,3.007,2.576,2.886,2.969,3.171,3.269,2.582,2.872,3.095,2.639,2.956,3.021,2.907,3.274,3.105,1.729,3.317,1.775,1.528,1.884,3.52,3.184,3.248,3.173,3.431,3.1,2.96,3.458,3.614,3.47,3.208,1.937,3.323,1.829,1.979,2.004,3.575,3.027,3.367
P143,28,control,3.091,3.425,3.143,3.334,2.797,3.626,3.371,3.277,3.27,3.286,2.921,3.659,3.229,3.252,3.286,3.319,3.896,4.333,3.715,3.927,4.045,4.623,4.448,3.928,4.064,3.505,4.14,3.975,4.077,3.258,3.282,3.976,3.984,4.078,3.57,3.963,4.418,4.09,3.662,4.481
P144,32,intervention,3.91,2.955,3.705,4.059,3.967,2.729,3.075,3.06,3.229,2.135,3.687,2.901,3.1,2.333,1.975,2.097,2.574,2.657,2.892,1.921,2.91,2.879,2.518,2.573,2.79,3.352,2.786,2.793,2.79,3.361,3.341,3.355,3.502,2.605,3.544,3.447,3.515,2.646,2.279,2.89
P145,49,control,3.237,1.004,3.251,3.664,2.795,1.013,1.0,1.0,2.652,1.307,2.655,2.449,2.852,1.475,1.0,1.447,1.894,2.2,1.994,1.817,1.872,2.058,2.433,2.108,2.152,1.823,2.522,2.001,1.932,1.641,1.856,1.971,3.133,1.781,3.04,3.003,3.355,1.213,1.805,2.324
P146,44,intervention,3.222,3.77,3.291,3.003,3.372,3.455,3.856,3.999,3.867,2.761,3.668,4.396,3.538,2.467,2.744,3.073,3.756,3.342,3.882,3.758,3.629,3.285,3.515,3.227,2.199,2.78,2.292,2.009,2.295,2.79,3.064,2.487,2.51,2.89,2.664,2.241,2.626,2.466,3.326,2.879
P147,28,control,3.018,3.524,2.925,3.295,2.835,3.542,3.45,3.58,3.247,3.137,3.105,2.734,3.902,3.277,3.439,2.694,2.461,2.728,2.178,2.48,2.726,3.162,2.556,2.467,2.751,3.227,2.677,2.989,2.587,3.291,3.231,3.159,1.693,2.774,1.957,1.392,1.729,2.992,2.523,2.807
P148,23,intervention,2.832,3.646,2.872,2.943,2.682,3.326,3.797,3.815,3.24,3.912,3.316,3.057,3.347,3.949,3.654,4.134,2.722,2.976,2.79,2.48,2.896,3.031,2.804,3.094,1.097,2.535,1.29,1.0,1.0,2.444,2.584,2.576,3.093,3.662,2.838,2.992,3.448,3.447,3.628,3.91
P149,26,control,2.429,3.689,2.665,2.615,2.006,3.773,3.767,3.526,2.37,2.278,2.377,2.415,2.317,2.383,2.142,2.31,2.259,2.352,2.205,1.97,2.603,2.136,2.553,2.367,1.895,3.196,1.847,1.825,2.012,3.186,3.219,3.182,1.094,2.331,1.221,1.06,1.0,2.553,2.243,2.198
P150,25,intervention,4.064,3.888,3.736,3.986,4.47,4.006,3.608,4.049,3.06,4.325,2.743,3.142,3.294,4.385,4.453,4.138,3.635,4.515,3.468,3.761,3.677,4.694,4.567,4.284,4.032,3.742,3.812,4.34,3.944,3.707,3.928,3.591,3.337,3.669,3.672,3.236,3.102,3.305,3.931,3.772
P151,38,control,4.129,2.376,3.966,4.34,4.08,2.567,2.154,2.406,3.611,2.796,3.6,3.44,3.794,2.73,2.989,2.669,1.88,2.61,1.683,2.151,1.806,2.682,2.687,2.461,2.474,2.602,2.34,2.719,2.363,2.861,2.567,2.377,2.416,3.172,2.469,2.423,2.357,3.0,3.594,2.923
P152,55,intervention,2.872,3.279,2.927,2.763,2.927,3.206,3.346,3.286,2.555,3.384,2.493,2.747,2.424,3.089,3.52,3.544,3.605,3.155,3.744,3.617,3.454,3.649,2.412,3.405,3.761,3.897,3.855,3.877,3.55,3.697,3.671,4.323,3.304,3.887,3.228,3.295,3.388,3.639,4.297,3.726
P153,41,control,2.529,2.429,2.884,2.493,2.211,2.348,2.637,2.302,2.805,3.87,2.707,2.83,2.879,3.862,3.708,4.04,2.065,2.739,1.899,2.187,2.11,2.784,2.811,2.621,1.947,2.389,1.96,2.32,1.561,2.248,2.513,2.406,2.851,2.45,3.048,3.09,2.414,2.298,2.573,2.478
P154,49,intervention,2.169,3.124,2.269,1.602,2.635,2.406,3.482,3.483,2.445,2.68,2.909,2.129,2.298,2.935,2.441,2.664,2.414,2.832,2.151,2.935,2.157,2.696,2.65,3.149,3.254,2.494,2.758,3.612,3.392,2.631,2.401,2.449,3.998,3.298,4.068,4.107,3.82,3.263,3.239,3.393
P155,33,control,3.504,3.852,3.805,3.609,3.099,3.702,4.223,3.63,3.094,2.995,3.303,3.221,2.759,3.076,2.79,3.119,2.861,3.177,2.915,3.014,2.654,3.009,3.051,3.471,2.493,2.794,2.926,2.392,2.16,2.828,2.955,2.598,3.801,3.05,4.028,3.542,3.834,2.966,3.596,2.589
P156,20,intervention,3.127,3.239,3.315,2.99,3.076,3.323,3.26,3.134,4.02,3.173,3.927,3.512,4.622,3.55,3.021,2.947,4.334,4.089,4.519,4.473,4.01,3.802,4.175,4.291,3.628,4.749,3.566,3.614,3.703,5.0,4.574,4.672,5.0,4.566,5.0,5.0,5.0,4.587,4.713,4.398
P157,36,control,3.738,2.509,4.061,3.599,3.553,2.409,2.276,2.841,4.497,2.065,4.302,5.0,4.188,2.629,1.874,1.691,2.433,2.638,2.479,2.693,2.126,2.48,2.527,2.906,3.137,3.086,3.099,3.349,2.964,3.195,3.122,2.94,2.688,1.658,2.474,2.545,3.044,1.684,1.228,2.062
P158,50,intervention,3.18,4.306,3.304,3.186,3.051,3.904,4.469,4.544,4.101,2.656,4.183,3.809,4.31,2.869,2.697,2.402,3.956,3.096,3.727,4.261,3.88,3.174,3.239,2.875,2.722,2.973,3.139,2.811,2.215,2.951,2.82,3.148,3.357,2.253,3.359,3.425,3.288,2.113,2.284,2.361
P159,33,control,1.384,3.695,1.323,1.552,1.278,3.76,3.183,4.142,2.095,3.342,1.886,2.245,2.153,3.659,3.124,3.244,3.104,3.29,3.094,3.213,3.005,3.065,3.505,3.301,2.641,3.04,2.786,2.906,2.23,3.427,2.793,2.9,2.563,3.862,2.404,2.71,2.575,3.685,3.763,4.139
P160,34,intervention,3.854,3.322,3.857,4.122,3.582,2.91,3.511,3.545,3.102,3.683,3.347,2.927,3.032,4.207,3.464,3.378,3.442,3.651,3.317,3.805,3.203,3.96,3.451,3.541,3.535,4.017,3.632,3.632,3.342,3.828,4.159,4.063,4.329,3.32,3.919,4.586,4.482,3.33,3.29,3.339
P161,22,control,3.334,4.197,3.839,2.965,3.199,4.527,4.167,3.897,3.843,3.241,3.828,3.633,4.067,3.33,3.484,2.91,4.128,4.06,4.29,4.02,4.074,3.937,4.279,3.965,3.848,4.143,3.971,3.81,3.763,4.565,4.119,3.745,4.818,3.854,5.0,5.0,4.453,3.659,4.251,3.652
P162,20,intervention,1.918,3.284,1.56,2.387,1.806,3.252,3.491,3.108,1.857,3.538,1.526,1.998,2.048,3.278,3.326,4.01,2.791,3.458,2.963,2.681,2.728,3.281,3.547,3.546,2.867,3.978,2.557,3.091,2.952,4.388,4.023,3.524,3.938,3.418,3.999,3.849,3.965,3.374,3.09,3.79
P163,26,control,3.914,2.879,3.99,3.576,4.175,2.812,2.958,2.867,3.521,4.611,3.435,3.596,3.531,4.651,4.214,4.967,4.18,3.666,3.992,4.299,4.25,3.869,3.827,3.301,3.713,4.012,3.758,3.824,3.557,3.95,3.906,4.179,3.889,4.625,3.943,4.193,3.53,4.375,4.544,4.955
P164,45,intervention,2.51,2.957,2.553,2.037,2.939,2.894,3.163,2.815,2.68,4.26,2.47,2.751,2.82,4.009,4.249,4.522,3.003,2.792,2.981,3.25,2.779,3.264,2.989,2.122,3.069,3.749,3.052,2.738,3.418,3.412,3.927,3.907,3.15,3.774,3.004,3.16,3.285,3.595,4.035,3.691
P165,41,control,2.708,2.446,2.315,2.816,2.992,2.771,2.386,2.182,3.118,2.619,3.294,3.213,2.846,2.336,2.746,2.775,1.986,3.476,2.223,1.662,2.074,3.165,3.625,3.638,1.317,3.155,1.439,1.203,1.309,3.141,2.889,3.434,1.819,1.93,1.893,1.64,1.925,2.292,1.576,1.922
P166,41,intervention,3.408,4.674,3.72,3.247,3.257,4.56,4.619,4.843,3.664,4.343,3.685,3.717,3.59,4.096,4.6,4.333,3.885,3.214,4.021,3.491,4.142,3.262,2.91,3.471,3.183,2.84,2.877,3.037,3.634,2.944,2.593,2.982,3.208,2.558,3.12,3.425,3.079,2.342,2.487,2.846
P167,51,control,3.091,3.043,3.085,3.454,2.734,3.114,2.726,3.289,3.375,3.181,3.472,3.566,3.087,3.39,2.82,3.333,2.749,3.731,2.744,3.017,2.486,3.234,3.863,4.096,2.716,3.366,2.453,2.599,3.095,3.68,2.952,3.465,3.416,4.158,3.295,3.811,3.141,4.21,3.872,4.392
P168,34,intervention,2.358,1.597,2.226,2.66,2.189,1.194,1.617,1.98,2.263,2.115,1.806,2.543,2.441,2.539,1.737,2.07,2.333,2.558,2.225,2.661,2.112,2.087,3.142,2.446,1.947,2.111,2.343,1.846,1.653,1.905,2.058,2.37,2.015,2.039,1.911,2.093,2.042,2.659,1.325,2.134
P169,39,control,3.857,2.986,3.692,3.861,4.017,3.091,2.732,3.134,3.647,3.295,3.373,3.908,3.66,3.238,3.615,3.033,3.267,3.274,3.496,3.427,2.878,3.734,2.755,3.334,3.364,1.981,3.372,3.482,3.237,1.852,2.184,1.906,2.389,2.806,2.221,2.785,2.16,2.585,2.679,3.153
P170,27,intervention,4.156,1.703,4.189,3.835,4.444,1.879,1.025,2.205,3.939,3.434,3.598,4.191,4.029,3.27,3.401,3.631,3.712,3.434,3.746,3.649,3.741,3.7,3.522,3.081,2.772,2.655,2.662,2.954,2.699,2.714,2.76,2.49,2.644,2.797,2.589,2.319,3.023,2.543,2.957,2.89
P171,53,control,3.678,3.045,3.681,3.691,3.662,2.86,3.197,3.078,4.351,2.998,4.3,4.481,4.271,2.918,2.92,3.157,4.839,3.461,5.0,5.0,4.518,3.546,3.335,3.503,3.97,4.234,3.873,4.003,4.035,3.993,4.785,3.924,3.858,4.04,3.681,3.78,4.113,4.302,3.726,4.091
P172,45,intervention,3.321,2.749,3.406,3.433,3.123,2.627,2.454,3.167,3.417,3.671,3.668,3.34,3.243,3.562,3.775,3.677,2.781,3.006,2.717,2.728,2.899,3.066,3.017,2.936,3.088,2.478,2.803,3.295,3.167,2.426,2.12,2.888,3.837,2.434,3.717,3.94,3.853,2.057,2.635,2.61
P173,26,control,2.418,2.955,2.316,2.119,2.819,3.268,2.903,2.695,2.4,2.283,2.474,2.378,2.347,2.336,2.454,2.06,3.221,2.101,3.326,3.08,3.257,2.135,2.321,1.846,2.792,2.714,2.767,2.928,2.682,2.408,2.869,2.865,2.187,2.529,2.418,1.994,2.15,2.428,2.486,2.672
P174,52,intervention,2.489,2.826,2.917,2.109,2.441,2.491,3.248,2.738,2.522,2.883,2.368,2.436,2.761,3.083,2.562,3.005,3.854,2.298,3.868,3.885,3.81,2.554,2.422,1.917,3.761,2.542,3.756,3.801,3.726,2.929,2.406,2.292,3.803,2.935,3.809,3.741,3.858,2.887,3.422,2.496
P175,39,control,4.283,3.718,4.47,4.492,3.888,3.731,3.745,3.677,3.627,4.372,3.72,3.626,3.534,4.502,4.339,4.275,4.795,4.814,4.504,5.0,4.881,4.796,4.814,4.833,4.502,4.851,4.654,4.483,4.369,4.717,4.837,5.0,5.0,4.311,5.0,5.0,5.0,4.276,4.567,4.089
P176,48,intervention,2.061,2.794,2.058,2.092,2.032,2.677,2.663,3.043,2.227,3.797,2.189,2.43,2.062,3.602,3.853,3.936,2.119,3.733,2.296,1.615,2.445,3.945,3.297,3.958,1.838,4.341,1.714,1.685,2.114,4.554,4.299,4.169,2.118,2.441,2.262,1.958,2.133,2.327,2.527,2.469
P177,32,control,3.918,4.047,4.358,3.869,3.526,3.88,4.108,4.152,4.703,3.714,5.0,4.729,4.381,3.76,3.459,3.923,4.607,4.256,4.402,4.441,4.977,4.293,4.285,4.191,4.209,3.983,3.993,4.458,4.176,3.972,4.165,3.811,4.548,4.563,4.07,4.993,4.582,4.653,4.762,4.273
P178,53,intervention,4.051,2.912,3.93,4.377,3.847,2.933,2.888,2.914,2.774,2.377,2.814,2.283,3.226,2.203,2.511,2.417,3.602,2.887,3.726,3.422,3.658,2.934,2.781,2.947,3.019,3.41,3.099,3.13,2.827,3.507,3.428,3.295,3.277,4.136,2.903,3.408,3.521,4.002,4.376,4.03
P179,23,control,2.901,3.275,3.032,2.858,2.813,3.296,3.154,3.376,2.477,3.541,2.78,2.125,2.526,3.373,3.822,3.427,3.311,4.039,3.417,3.227,3.29,3.826,4.316,3.975,3.154,3.879,3.127,2.98,3.356,4.13,3.634,3.872,3.749,3.03,3.738,3.519,3.989,3.091,2.961,3.039
P180,54,intervention,3.145,2.852,3.517,3.097,2.821,2.552,2.858,3.145,3.537,3.952,3.098,3.714,3.798,3.731,4.081,4.043,2.981,3.26,2.893,2.732,3.318,3.204,3.411,3.164,2.474,3.62,2.438,2.452,2.532,3.702,3.541,3.616,3.225,3.345,3.408,2.968,3.298,3.357,3.382,3.295
P181,54,control,2.992,4.555,3.034,3.322,2.621,4.827,4.365,4.472,3.87,3.819,3.564,4.095,3.951,3.653,3.865,3.938,2.197,3.807,2.358,2.181,2.052,3.784,4.054,3.583,3.616,3.692,3.135,3.877,3.835,3.881,3.78,3.416,3.109,4.506,3.234,2.875,3.219,4.393,4.648,4.476
P182,47,intervention,2.963,4.388,3.069,2.806,3.014,4.301,4.091,4.772,2.582,4.437,2.344,2.844,2.557,4.456,4.581,4.275,3.658,2.89,3.478,3.877,3.618,2.896,2.896,2.879,3.378,3.997,3.698,3.076,3.36,3.746,3.943,4.302,4.146,4.403,4.132,4.107,4.199,4.692,4.334,4.184
P183,20,control,3.619,2.016,3.627,3.555,3.676,1.985,2.09,1.974,2.924,3.131,2.546,2.898,3.329,3.395,2.957,3.04,3.466,2.637,3.808,3.831,2.759,2.657,2.304,2.949,3.559,3.214,3.785,3.434,3.457,2.919,3.3,3.423,4.039,3.027,4.257,3.826,4.035,3.173,3.111,2.797
P184,52,intervention,3.277,1.124,2.959,3.588,3.285,1.0,1.08,1.291,3.693,2.945,3.661,3.768,3.65,3.139,2.725,2.971,3.05,3.029,3.089,3.016,3.044,3.01,2.809,3.267,4.032,3.173,3.857,4.252,3.988,2.863,3.549,3.107,3.603,2.736,3.584,3.472,3.754,3.116,2.265,2.827
P185,20,control,2.117,2.849,2.126,2.114,2.11,3.128,3.014,2.406,2.333,3.049,2.674,1.906,2.42,3.33,3.01,2.807,2.592,2.765,2.129,2.967,2.68,2.446,2.864,2.985,2.321,3.935,2.177,2.18,2.606,3.867,4.053,3.884,2.697,4.32,2.565,3.113,2.413,4.118,4.071,4.77
P186,27,intervention,3.009,3.592,2.983,3.231,2.812,3.779,3.527,3.47,3.578,3.534,3.962,3.672,3.099,3.612,3.622,3.369,3.449,4.65,3.25,3.524,3.573,4.919,4.545,4.485,3.023,2.843,3.099,3.204,2.766,2.486,3.196,2.847,3.394,1.868,3.339,3.414,3.429,1.543,2.011,2.05
P187,38,control,1.455,3.799,1.4,1.259,1.707,4.065,3.507,3.824,1.55,3.58,1.705,1.33,1.614,3.44,3.695,3.605,2.49,2.828,2.291,2.58,2.598,2.93,2.613,2.941,2.614,3.948,2.208,2.68,2.954,4.235,3.896,3.713,2.497,4.338,2.288,2.404,2.799,4.129,4.307,4.578
P188,41,intervention,3.64,3.822,3.409,3.858,3.652,4.066,3.715,3.686,3.474,3.124,3.265,3.504,3.653,3.167,3.404,2.801,4.398,2.932,4.17,4.51,4.513,2.639,2.948,3.208,3.729,3.295,3.864,3.649,3.675,3.298,2.793,3.793,2.525,4.157,2.563,2.318,2.694,4.251,4.076,4.145
P189,27,control,2.519,3.02,2.587,2.389,2.58,3.051,2.799,3.211,2.513,3.611,2.504,2.661,2.374,3.401,3.874,3.559,2.796,2.904,2.898,2.616,2.873,2.767,3.39,2.555,2.264,2.662,2.031,2.291,2.471,2.768,2.324,2.894,1.791,3.289,1.96,1.634,1.778,3.55,3.034,3.284
P190,22,intervention,3.36,2.851,3.305,3.618,3.158,2.687,2.736,3.131,2.583,2.575,2.44,2.36,2.949,2.753,2.407,2.566,3.608,2.732,3.759,3.352,3.713,3.307,2.366,2.522,3.697,2.698,3.659,4.091,3.342,2.95,2.469,2.676,3.907,3.418,3.967,4.055,3.7,3.844,2.898,3.513
P191,41,control,2.301,3.177,2.429,2.506,1.969,3.485,3.13,2.915,2.642,2.605,2.339,2.754,2.832,2.836,2.265,2.715,2.048,1.766,2.015,1.788,2.341,1.767,1.819,1.711,3.298,1.26,3.199,3.398,3.298,1.0,1.147,1.633,2.588,3.509,2.66,2.573,2.532,3.029,3.41,4.087
P192,38,intervention,3.788,3.351,3.936,3.894,3.533,3.623,3.223,3.208,3.365,3.141,3.04,3.775,3.28,3.459,2.907,3.058,3.165,3.939,3.159,3.463,2.873,4.262,3.83,3.724,4.365,2.841,4.215,4.532,4.347,2.632,3.374,2.518,4.294,3.252,4.465,4.312,4.106,3.479,3.285,2.993
P193,45,control,2.636,1.674,2.749,2.257,2.903,1.429,1.861,1.733,3.812,2.897,3.806,4.235,3.394,2.507,2.846,3.337,2.138,3.626,2.691,1.61,2.112,3.856,3.621,3.402,4.233,2.323,4.241,4.407,4.052,2.868,1.935,2.167,3.796,2.868,3.883,3.642,3.864,2.538,3.045,3.022
P194,37,intervention,4.214,4.521,4.323,4.124,4.196,4.368,4.798,4.398,3.969,4.12,3.811,4.256,3.839,3.722,4.58,4.059,4.472,3.413,4.681,4.088,4.648,3.528,3.309,3.403,4.895,3.375,5.0,4.79,4.895,3.393,3.741,2.992,4.947,3.497,4.842,5.0,5.0,3.748,3.194,3.55
P195,39,control,4.733,3.242,4.611,4.893,4.694,3.132,3.479,3.115,3.381,4.218,3.012,3.272,3.86,4.291,4.47,3.892,2.873,4.4,2.849,2.938,2.831,4.685,4.079,4.437,4.313,3.4,4.032,4.242,4.664,3.15,3.444,3.605,4.286,3.69,4.028,4.141,4.688,3.42,3.656,3.995
P196,21,intervention,1.438,1.279,1.173,1.052,2.09,1.507,1.0,1.33,1.85,2.724,1.519,2.454,1.578,2.674,2.522,2.976,3.622,2.596,3.642,3.957,3.268,2.744,2.438,2.606,4.002,2.647,4.031,4.212,3.762,2.453,2.883,2.605,2.779,1.859,2.917,2.73,2.689,1.853,1.828,1.896
P197,23,control,1.732,1.551,1.484,1.322,2.389,1.898,1.235,1.52,1.967,2.052,1.922,1.935,2.045,1.9,2.094,2.161,2.023,2.985,2.169,1.93,1.97,2.966,2.999,2.989,3.392,2.525,3.384,3.824,2.968,2.892,2.473,2.21,3.053,3.298,3.126,3.012,3.02,3.357,3.696,2.841
P198,25,intervention,2.374,2.216,2.192,2.638,2.291,1.891,2.368,2.389,2.196,2.991,2.028,2.172,2.389,3.189,3.061,2.722,2.997,2.041,2.935,2.959,3.097,1.657,2.167,2.299,2.625,1.305,2.617,2.508,2.75,1.373,1.211,1.332,2.614,3.043,2.572,2.872,2.397,3.165,3.041,2.922
P199,31,control,3.713,3.296,3.106,4.115,3.917,3.303,3.002,3.584,2.962,2.78,2.805,2.885,3.197,2.775,2.568,2.996,3.344,2.673,3.39,3.149,3.494,2.587,2.882,2.549,2.842,2.756,2.549,3.249,2.729,2.902,2.54,2.825,2.572,2.605,2.358,2.843,2.515,2.4,2.869,2.545
P200,32,intervention,3.621,2.133,3.621,3.588,3.653,2.329,2.053,2.016,3.022,3.152,3.319,3.253,2.494,3.008,3.308,3.14,1.761,3.922,1.589,1.853,1.84,3.91,4.023,3.833,1.363,2.112,1.516,1.317,1.255,2.171,2.218,1.948,2.204,2.09,1.807,2.172,2.632,1.973,1.876,2.421
P201,33,control,2.726,1.852,3.024,2.382,2.771,1.719,1.963,1.875,2.262,2.1,2.203,2.597,1.986,1.481,2.41,2.41,1.542,3.109,1.312,1.431,1.882,3.369,3.04,2.918,1.804,2.91,1.645,2.13,1.636,3.184,2.654,2.891,1.56,3.487,1.145,1.991,1.544,3.563,3.335,3.564
P202,47,intervention,3.243,4.014,3.241,3.432,3.057,4.183,4.062,3.796,2.996,3.292,2.947,2.683,3.358,3.662,3.283,2.931,3.157,3.904,3.436,3.301,2.734,3.625,4.351,3.735,4.102,3.487,4.089,4.113,4.105,3.749,3.463,3.25,4.594,3.624,4.445,4.987,4.349,3.569,3.479,3.823
P203,52,control,4.063,2.382,3.99,3.996,4.202,2.878,2.521,1.746,3.582,1.575,3.628,3.758,3.361,1.862,1.426,1.436,3.337,2.094,3.286,3.079,3.647,2.151,1.651,2.48,2.97,3.245,2.966,2.755,3.188,3.44,2.962,3.333,2.985,3.072,2.785,3.619,2.55,3.091,3.095,3.031
P204,38,intervention,2.093,3.638,2.165,2.099,2.015,3.424,3.684,3.807,3.424,1.676,3.292,3.529,3.45,1.388,1.768,1.871,2.66,2.388,2.515,2.759,2.707,2.34,2.54,2.284,3.751,2.814,3.745,3.897,3.611,2.789,2.914,2.74,4.276,2.432,4.541,4.072,4.214,2.81,2.002,2.483
P205,49,control,4.679,4.814,4.837,4.644,4.557,5.0,4.912,4.529,4.663,5.0,4.733,4.353,4.903,5.0,5.0,5.0,4.401,5.0,4.639,4.304,4.261,5.0,5.0,5.0,4.243,4.595,4.505,3.847,4.376,4.321,4.789,4.675,4.34,4.803,4.233,4.607,4.18,4.96,4.658,4.792
P206,55,intervention,3.248,1.896,3.412,3.061,3.271,1.785,2.019,1.883,2.817,2.369,2.882,2.96,2.61,2.614,2.262,2.231,2.868,3.232,3.444,2.634,2.526,3.281,3.207,3.207,2.945,3.114,2.881,2.641,3.312,3.109,2.911,3.321,2.67,4.191,2.632,2.542,2.835,4.276,4.343,3.953
P207,44,control,3.777,1.38,3.75,3.653,3.928,1.244,1.494,1.402,2.064,3.324,2.213,2.032,1.947,3.795,2.915,3.261,2.699,2.19,2.635,2.882,2.579,2.09,2.447,2.034,2.976,2.652,2.559,3.16,3.21,2.636,2.346,2.974,2.225,1.722,1.974,1.971,2.731,1.923,1.811,1.433
P208,40,intervention,4.582,3.256,4.616,4.705,4.426,3.431,3.212,3.124,4.797,3.945,4.625,4.984,4.783,3.961,3.879,3.996,4.503,3.896,5.0,3.757,4.753,4.319,3.804,3.564,4.115,3.521,4.077,4.295,3.973,3.38,3.632,3.55,3.534,3.239,3.6,3.788,3.214,3.101,3.07,3.545
P209,54,control,3.486,2.51,3.567,3.613,3.278,2.611,2.478,2.44,3.647,3.28,3.372,4.122,3.447,3.065,3.406,3.369,4.153,2.85,3.782,4.449,4.227,2.643,2.759,3.147,2.765,3.441,2.538,2.881,2.875,3.669,3.232,3.423,3.616,3.49,3.809,3.256,3.783,3.602,3.215,3.654
P210,49,intervention,2.239,2.332,2.079,2.393,2.245,2.371,2.491,2.133,1.999,3.804,1.769,1.962,2.265,3.84,3.611,3.96,2.951,3.25,2.659,3.034,3.159,3.46,2.956,3.335,4.353,4.062,4.122,4.469,4.468,4.115,3.944,4.127,3.77,4.463,3.458,3.884,3.968,4.63,4.304,4.456
P211,40,control,4.599,3.313,4.731,4.626,4.439,3.408,3.348,3.184,4.275,4.744,4.276,4.713,3.837,4.907,4.848,4.476,4.436,5.0,4.321,4.658,4.329,5.0,5.0,5.0,4.58,5.0,4.346,5.0,4.395,5.0,5.0,5.0,4.829,5.0,4.625,4.998,4.863,5.0,5.0,5.0
P212,38,intervention,1.143,2.954,1.117,1.0,1.312,3.002,2.818,3.042,1.85,2.934,2.155,1.909,1.487,3.339,2.791,2.672,3.102,2.801,3.5,2.772,3.033,2.767,2.513,3.122,3.175,2.343,3.326,2.886,3.313,2.189,2.427,2.412,1.909,2.936,2.183,2.173,1.37,2.799,3.12,2.89
P213,35,control,2.377,4.524,2.434,2.479,2.218,4.183,4.971,4.418,3.604,3.507,3.353,3.654,3.804,3.605,3.476,3.44,3.317,3.958,3.581,3.149,3.222,3.874,3.588,4.413,3.001,2.937,2.579,3.711,2.712,3.1,2.664,3.048,4.201,4.526,4.4,4.285,3.919,4.603,4.782,4.192
P214,30,intervention,3.212,1.623,3.329,3.115,3.192,1.699,1.412,1.759,2.921,2.057,2.691,3.076,2.995,1.977,1.985,2.209,2.491,2.819,2.549,2.569,2.355,2.772,3.069,2.616,1.977,1.695,2.588,1.64,1.703,1.643,1.82,1.623,1.772,1.0,1.569,1.76,1.987,1.0,1.0,1.0
P215,31,control,2.692,3.562,3.288,2.272,2.517,3.822,3.597,3.267,4.228,3.409,4.265,4.143,4.275,3.351,3.243,3.634,5.0,2.955,5.0,5.0,5.0,3.048,3.091,2.725,4.283,3.535,4.491,4.281,4.078,3.699,3.313,3.592,3.589,4.592,3.17,3.758,3.84,4.942,4.396,4.437
P216,27,intervention,3.497,2.727,3.658,3.711,3.121,2.128,2.713,3.34,3.913,3.686,3.999,3.867,3.873,3.767,3.358,3.932,3.622,2.819,3.795,3.733,3.337,2.622,2.814,3.022,2.745,1.724,2.489,2.865,2.88,1.668,1.916,1.588,3.747,3.251,3.604,3.741,3.896,2.886,3.32,3.548
P217,45,control,3.666,2.007,4.008,3.245,3.744,1.688,2.118,2.216,2.179,2.033,2.056,2.198,2.282,2.061,2.33,1.707,1.885,2.534,1.651,1.884,2.119,2.533,2.362,2.707,1.469,1.095,1.733,1.222,1.453,1.085,1.149,1.052,1.987,1.879,2.413,1.858,1.689,2.068,1.626,1.942
P218,51,intervention,3.742,3.156,3.441,3.873,3.913,3.156,3.31,3.001,3.263,3.856,3.122,3.125,3.543,3.67,3.945,3.953,3.237,2.861,2.925,3.52,3.266,2.783,2.764,3.036,3.754,3.517,3.666,3.71,3.886,3.556,3.584,3.411,4.472,4.664,4.758,4.285,4.374,4.668,4.82,4.503
P219,31,control,2.912,1.145,3.044,3.022,2.669,1.266,1.043,1.127,2.127,3.097,2.303,1.898,2.18,3.08,3.361,2.849,3.408,3.936,3.344,3.248,3.631,4.096,3.778,3.933,3.613,4.162,3.339,4.236,3.264,4.334,4.152,4.0,2.712,2.578,3.215,2.188,2.732,2.642,2.186,2.907
P220,21,intervention,2.458,1.272,1.979,2.839,2.555,1.48,1.337,1.0,1.833,3.103,1.759,1.786,1.953,3.459,3.153,2.696,2.174,3.168,2.203,2.024,2.295,3.036,3.395,3.072,2.131,3.355,2.203,1.927,2.262,3.32,3.082,3.663,2.891,2.999,2.895,2.721,3.058,3.113,3.156,2.728
P221,38,control,4.279,3.901,4.339,4.48,4.018,3.966,3.763,3.975,4.363,3.002,4.485,4.502,4.103,3.111,3.298,2.597,3.19,3.161,3.586,3.143,2.841,3.427,2.74,3.315,4.476,3.614,4.648,4.209,4.572,4.156,3.139,3.546,4.42,3.885,4.516,4.258,4.485,3.883,3.636,4.135
P222,38,intervention,2.599,3.898,2.615,2.462,2.721,3.531,3.673,4.491,2.542,2.944,2.618,2.228,2.78,3.021,3.088,2.723,2.848,2.13,2.704,3.034,2.807,2.275,1.878,2.236,4.298,2.886,4.423,4.277,4.194,2.823,2.739,3.095,4.23,2.786,4.318,4.29,4.083,3.572,2.504,2.283
P223,29,control,2.884,2.296,3.411,2.877,2.364,2.293,2.022,2.573,2.242,2.342,2.278,2.237,2.21,2.29,2.424,2.312,1.762,2.422,1.724,1.676,1.887,2.493,2.277,2.495,1.435,3.216,1.324,1.709,1.272,3.039,3.3,3.309,3.125,3.074,2.714,3.098,3.562,2.625,3.727,2.869
P224,42,intervention,1.738,3.675,1.574,1.836,1.803,3.868,3.701,3.457,3.336,3.021,3.406,3.391,3.211,2.615,3.252,3.197,3.868,3.577,4.473,3.58,3.551,3.578,3.254,3.899,2.689,2.555,2.707,2.557,2.803,2.395,2.616,2.653,3.625,2.385,3.08,3.886,3.91,2.267,2.465,2.423
P225,43,control,1.106,2.966,1.0,1.0,1.318,3.256,2.604,3.039,1.0,2.834,1.0,1.0,1.0,3.034,2.551,2.916,2.119,1.379,2.128,2.088,2.141,1.498,1.046,1.594,1.947,2.13,2.034,2.168,1.638,2.116,2.165,2.108,1.797,2.567,1.893,1.569,1.93,2.928,2.456,2.317
P226,50,intervention,3.039,3.585,2.969,3.001,3.148,3.768,3.305,3.683,2.385,2.694,2.46,2.226,2.47,2.509,2.574,2.998,2.239,2.854,2.465,2.041,2.211,2.6,3.063,2.899,2.682,3.726,2.68,2.964,2.401,3.755,3.932,3.49,2.386,3.436,2.458,2.21,2.489,3.337,3.834,3.136
P227,52,control,2.734,2.304,2.675,2.543,2.985,2.26,2.154,2.498,2.616,2.659,2.529,2.715,2.604,2.303,2.954,2.719,2.842,2.185,2.971,2.885,2.67,2.237,2.018,2.301,3.394,2.377,3.79,3.072,3.32,2.244,2.532,2.356,3.249,2.972,3.103,3.29,3.353,2.99,3.046,2.879
P228,35,intervention,3.749,4.191,4.143,3.395,3.709,4.539,3.926,4.107,4.116,4.041,4.638,3.868,3.843,3.758,3.961,4.405,4.324,3.563,4.403,4.347,4.221,3.648,3.405,3.637,3.417,3.605,2.683,3.96,3.609,3.785,3.56,3.471,2.37,4.165,2.259,2.139,2.711,4.713,4.352,3.431
P229,22,control,4.06,3.426,3.894,4.137,4.15,3.706,3.433,3.138,2.821,2.361,2.954,2.892,2.617,2.191,2.598,2.293,1.493,1.976,1.12,2.048,1.312,1.639,2.092,2.196,1.812,2.698,2.076,1.621,1.739,2.666,2.8,2.629,3.529,2.369,3.581,3.25,3.757,2.048,2.216,2.844
P230,37,intervention,3.217,2.54,2.934,3.29,3.428,2.846,2.469,2.306,3.789,2.664,3.666,3.961,3.74,2.45,2.926,2.617,2.81,3.313,2.789,3.014,2.628,2.911,3.571,3.458,3.321,3.548,3.397,3.543,3.024,3.671,3.484,3.49,2.222,3.983,2.232,2.36,2.074,4.433,3.364,4.153
P231,27,control,3.394,3.037,3.33,3.498,3.354,2.952,2.907,3.251,1.825,3.497,1.907,1.691,1.876,3.29,3.26,3.94,2.944,3.511,3.139,2.944,2.748,3.409,3.524,3.6,3.435,2.695,3.768,3.443,3.094,2.79,2.691,2.603,1.922,3.53,2.08,2.047,1.64,3.385,3.57,3.634
P232,54,intervention,3.808,3.017,3.808,3.609,4.008,2.683,3.145,3.224,3.766,2.462,3.776,3.997,3.525,2.601,2.614,2.172,4.223,3.6,4.206,3.885,4.577,3.986,3.5,3.314,2.392,3.246,2.837,2.118,2.221,3.286,3.499,2.953,4.208,3.331,4.265,4.112,4.247,2.965,3.063,3.965
P233,20,control,3.409,3.778,3.242,3.388,3.597,3.358,4.068,3.908,2.427,3.916,2.325,2.041,2.916,4.558,3.923,3.266,3.047,3.209,3.121,2.893,3.127,3.149,2.941,3.538,3.938,3.229,4.159,3.76,3.895,3.379,2.938,3.371,3.607,2.834,3.354,3.713,3.755,2.878,2.848,2.777
P234,45,intervention,3.983,3.712,4.109,3.966,3.874,3.929,3.368,3.839,2.745,3.024,3.156,2.793,2.287,2.973,2.667,3.433,3.371,2.289,2.947,3.609,3.557,2.245,2.239,2.382,3.202,2.324,3.081,3.523,3.002,2.108,2.453,2.41,2.195,2.566,1.964,2.432,2.189,2.65,2.379,2.67
P235,44,control,3.705,4.134,3.399,3.588,4.129,4.004,3.882,4.515,3.024,4.03,3.478,2.757,2.838,3.915,3.96,4.216,2.847,4.083,2.925,2.822,2.795,3.955,4.023,4.271,2.876,4.009,3.032,2.769,2.827,3.798,4.175,4.055,2.389,3.497,2.564,2.373,2.23,3.425,3.603,3.463
P236,45,intervention,1.3,3.27,1.377,1.398,1.126,3.403,3.295,3.111,2.071,2.786,1.855,2.255,2.102,2.431,3.147,2.781,1.945,2.465,1.769,2.16,1.907,2.502,2.586,2.306,2.996,2.192,2.931,3.308,2.748,2.384,1.688,2.505,2.204,2.397,1.669,2.324,2.618,2.813,2.13,2.248
P237,55,control,2.263,1.786,2.515,1.87,2.405,1.824,2.009,1.526,1.941,1.685,1.687,1.936,2.201,1.831,1.334,1.89,1.597,3.031,2.12,1.241,1.429,2.731,3.025,3.336,2.07,2.572,2.202,1.931,2.078,2.498,2.514,2.704,1.658,3.043,1.743,1.591,1.639,2.714,3.133,3.283
P238,20,intervention,3.184,1.468,3.115,3.337,3.099,1.644,1.019,1.74,2.758,2.187,2.541,2.653,3.081,2.27,2.342,1.949,2.712,2.313,2.818,2.636,2.683,2.005,2.321,2.614,2.232,2.543,1.965,2.604,2.128,2.718,1.81,3.102,2.562,2.063,2.536,2.658,2.491,1.551,2.275,2.362
P239,50,control,3.047,3.163,3.364,2.55,3.226,3.122,2.995,3.371,2.143,2.79,2.449,2.039,1.941,2.81,2.648,2.913,3.141,3.01,3.21,3.306,2.906,2.548,3.084,3.399,4.62,3.036,4.539,4.32,5.0,2.811,2.825,3.471,4.112,3.483,3.924,3.894,4.517,3.4,3.489,3.561
P240,32,intervention,2.321,2.805,2.264,2.084,2.616,2.947,2.695,2.774,2.888,2.357,3.115,2.683,2.866,2.222,2.484,2.365,3.148,3.971,3.291,2.733,3.421,4.105,4.206,3.603,2.88,4.435,2.651,2.816,3.174,4.235,4.544,4.525,3.607,4.41,4.253,3.13,3.439,4.897,3.982,4.352
